annex_id,source_path,source_filename,source_type,sha256,bytes,row_count,sqlite_table,import_status
ANNEX-0001,OFG_ATLAS_DEFINITIVE_RELEASE/OFG_Completed_Engineering_Atlas_Output_Manifest_FINAL.json,OFG_Completed_Engineering_Atlas_Output_Manifest_FINAL.json,json,b428fc5dd35ab005a5a476998493fe220416e7ca9bbc42799703b4ce887d2ac9,6507,1,OFG_Completed_Engineering_Atlas_Output_Manifest_,IMPORTED_JSON
ANNEX-0002,OFG_ATLAS_DEFINITIVE_RELEASE/OFG_Completed_Engineering_Atlas_Source_Manifest.json,OFG_Completed_Engineering_Atlas_Source_Manifest.json,json,c1ceac543d6942316464c421cb1e476010f2db9692f9c6d3ae404e486c7c835b,20175,1,OFG_Completed_Engineering_Atlas_Source_Manifest_,IMPORTED_JSON
ANNEX-0003,OFG_COMPLETED_ENGINEERING_ATLAS_2031/OFG_Completed_Engineering_Atlas_Output_Manifest.json,OFG_Completed_Engineering_Atlas_Output_Manifest.json,json,5fbb02a6119b35f93c006cad3e5150f5fba4cf821d2c44e26f01053e56925c0f,6089,1,OFG_Completed_Engineering_Atlas_Output_Mani_2,IMPORTED_JSON
ANNEX-0004,OFG_COMPLETED_ENGINEERING_ATLAS_2031/OFG_Completed_Engineering_Atlas_Source_Manifest.json,OFG_Completed_Engineering_Atlas_Source_Manifest.json,json,c1ceac543d6942316464c421cb1e476010f2db9692f9c6d3ae404e486c7c835b,20175,1,OFG_Completed_Engineering_Atlas_Source_Mani_2,IMPORTED_JSON
ANNEX-0005,OFG_Completed_Engineering_Atlas_REV3/OFG_Atlas_REV3_Annex_G1_Spatial_Object_Register.csv,OFG_Atlas_REV3_Annex_G1_Spatial_Object_Register.csv,csv,2a52c64143eff28a021dfc79c12bd62b792cb3b4a98be5d6a54861f0136af2b5,22838,178,OFG_Atlas_REV3_Annex_G1_Spatial_Object_Register,IMPORTED_CSV
ANNEX-0006,OFG_Completed_Engineering_Atlas_REV3/OFG_Atlas_REV3_Annex_G2_Spatial_Relations.csv,OFG_Atlas_REV3_Annex_G2_Spatial_Relations.csv,csv,d6ae993048b01d85e062813f81448b3486f228bf07c6d263ccfd5edad46a13ba,13606,179,OFG_Atlas_REV3_Annex_G2_Spatial_Relations,IMPORTED_CSV
ANNEX-0007,OFG_Completed_Engineering_Atlas_REV3/OFG_Atlas_REV3_Annex_M1_Manifest.json,OFG_Atlas_REV3_Annex_M1_Manifest.json,json,79f58cd188441af03c9e6c8d8be61210925f62c8e5d7b8e3d0bfcc6c393c3160,3427,1,OFG_Atlas_REV3_Annex_M1_Manifest_json,IMPORTED_JSON
ANNEX-0008,OFG_Completed_Engineering_Atlas_REV3/OFG_Atlas_REV3_Annex_S1_Asset_State_2031-04-19.csv,OFG_Atlas_REV3_Annex_S1_Asset_State_2031-04-19.csv,csv,5370bbe626a4e733dd7b5e68de2b944c547657f2e690bf746b39e9fee2536191,11012922,22647,OFG_Atlas_REV3_Annex_S1_Asset_State_2031_04_19,IMPORTED_CSV
ANNEX-0009,OFG_Completed_Engineering_Atlas_REV3/OFG_Atlas_REV3_Annex_V1_Validation_Findings.csv,OFG_Atlas_REV3_Annex_V1_Validation_Findings.csv,csv,c09c1badd5a85d434e4b1e949b7329fa070dc45bc24267ce986f33090bef51a4,1256,12,OFG_Atlas_REV3_Annex_V1_Validation_Findings,IMPORTED_CSV
ANNEX-0010,OFG_DEFINITIVE_ENGINEERING_ATLAS_REV3/SOURCE_MANIFEST.json,SOURCE_MANIFEST.json,json,e1655f8690d3063c6a5a2cf549fc29c1def2a7efb2fe595a2aa85fae2e2fe3c4,10578,1,SOURCE_MANIFEST_json,IMPORTED_JSON
ANNEX-0011,OFG_DEFINITIVE_ENGINEERING_ATLAS_REV3_DATA/OFG_Atlas_Rev3_DATA01_Controlled_Asset_Register.csv,OFG_Atlas_Rev3_DATA01_Controlled_Asset_Register.csv,csv,50fe00f65fab4316642c9835be6513117bfb11cda5e9d53fac02d16597ec2d3a,10762718,22647,OFG_Atlas_Rev3_DATA01_Controlled_Asset_Register,IMPORTED_CSV
ANNEX-0012,OFG_DEFINITIVE_ENGINEERING_ATLAS_REV3_DATA/OFG_Atlas_Rev3_DATA02_Master_Event_Timeline_Through_2031-04-19.csv,OFG_Atlas_Rev3_DATA02_Master_Event_Timeline_Through_2031-04-19.csv,csv,ca328fd6a7e1acf0c99d801d39a48ac20cbe3b3c2e4f9650f3257c23c1260375,26539936,128986,OFG_Atlas_Rev3_DATA02_Master_Event_Timeline_Thro,IMPORTED_CSV
ANNEX-0013,OFG_DEFINITIVE_ENGINEERING_ATLAS_REV3_DATA/OFG_Atlas_Rev3_DATA04_Parametric_3D_Geometry.json,OFG_Atlas_Rev3_DATA04_Parametric_3D_Geometry.json,json,b46e4fef42dc884351cd3386100cf1a7e1cf7e0a1789b762c707cda05bfd8944,12631,1,OFG_Atlas_Rev3_DATA04_Parametric_3D_Geometry_jso,IMPORTED_JSON
ANNEX-0014,OFG_DEFINITIVE_ENGINEERING_ATLAS_REV3_DATA/OFG_Atlas_Rev3_DATA05_Relationship_Graph.csv,OFG_Atlas_Rev3_DATA05_Relationship_Graph.csv,csv,9ddd29ea938c0dc5e9b0d218fc52d955408442dbd82ab5f9108816f186e75beb,22953,384,OFG_Atlas_Rev3_DATA05_Relationship_Graph,IMPORTED_CSV
ANNEX-0015,OFG_DEFINITIVE_ENGINEERING_ATLAS_REV3_DATA/OFG_Atlas_Rev3_DATA06_Physical_Object_Schema.json,OFG_Atlas_Rev3_DATA06_Physical_Object_Schema.json,json,70bb30755f2a81bb5deb917ce92ca6bebd0730facac26ebf6eb80eb0bec2de5d,2070,1,OFG_Atlas_Rev3_DATA06_Physical_Object_Schema_jso,IMPORTED_JSON
ANNEX-0016,OFG_Encyclopedia_RevN_Annex_A_Controlled_Asset_Register(6).csv,OFG_Encyclopedia_RevN_Annex_A_Controlled_Asset_Register(6).csv,csv,50fe00f65fab4316642c9835be6513117bfb11cda5e9d53fac02d16597ec2d3a,10762718,22647,OFG_Encyclopedia_RevN_Annex_A_Controlled_Asset_R,IMPORTED_CSV
ANNEX-0017,OFG_Encyclopedia_RevN_Annex_B1_2025-2026_Event_Timeline(4).csv,OFG_Encyclopedia_RevN_Annex_B1_2025-2026_Event_Timeline(4).csv,csv,bd4d7ea4de4160f6e97d5dadabb2b7e4f561d2b4e3485de88670a4214722afa6,1195049,5834,OFG_Encyclopedia_RevN_Annex_B1_2025_2026_Event_T,IMPORTED_CSV
ANNEX-0018,OFG_Encyclopedia_RevN_Annex_B2_2027_Event_Timeline(4).csv,OFG_Encyclopedia_RevN_Annex_B2_2027_Event_Timeline(4).csv,csv,cc99ed047c253d873af0d77e5e9b813cc94323bf8844efdb9f40ab8df8a9d7db,3809412,19091,OFG_Encyclopedia_RevN_Annex_B2_2027_Event_Timeli,IMPORTED_CSV
ANNEX-0019,OFG_Encyclopedia_RevN_Annex_B3_2028_Event_Timeline(4).csv,OFG_Encyclopedia_RevN_Annex_B3_2028_Event_Timeline(4).csv,csv,7b790a0abd4d5690c1f10f3cf5cc74399610b1d456f99868cb626d86062b8cac,1324593,6349,OFG_Encyclopedia_RevN_Annex_B3_2028_Event_Timeli,IMPORTED_CSV
ANNEX-0020,OFG_Encyclopedia_RevN_Annex_B4_2029_Event_Timeline(3).csv,OFG_Encyclopedia_RevN_Annex_B4_2029_Event_Timeline(3).csv,csv,72a159599a04d359f78142a0b85de3147f957599f625da7928995b62cc47e899,7606618,37591,OFG_Encyclopedia_RevN_Annex_B4_2029_Event_Timeli,IMPORTED_CSV
ANNEX-0021,OFG_Encyclopedia_RevN_Annex_B5_2030_Event_Timeline(4).csv,OFG_Encyclopedia_RevN_Annex_B5_2030_Event_Timeline(4).csv,csv,6afa9bc19e1f49614b1ef4796391cfc8e30bf286b15c1df41e9e7dde02d2798f,11573913,55129,OFG_Encyclopedia_RevN_Annex_B5_2030_Event_Timeli,IMPORTED_CSV
ANNEX-0022,OFG_Encyclopedia_RevN_Annex_B6_2031_to_0419_Event_Timeline(4).csv,OFG_Encyclopedia_RevN_Annex_B6_2031_to_0419_Event_Timeline(4).csv,csv,6bf913c9f87cff66bdecfaff2aecfbc81e70d4a477a55363c8a0799ddb7f1dc3,1030171,4988,OFG_Encyclopedia_RevN_Annex_B6_2031_to_0419_Even,IMPORTED_CSV
ANNEX-0023,OFG_Encyclopedia_RevN_Annex_B_Master_Event_Timeline_Through_2031-04-19(2).csv,OFG_Encyclopedia_RevN_Annex_B_Master_Event_Timeline_Through_2031-04-19(2).csv,csv,ca328fd6a7e1acf0c99d801d39a48ac20cbe3b3c2e4f9650f3257c23c1260375,26539936,128986,OFG_Encyclopedia_RevN_Annex_B_Master_Event_Timel,IMPORTED_CSV
ANNEX-0024,OFG_Encyclopedia_RevN_Annex_Q_PostCut_Working_Events_QUARANTINED(3).csv,OFG_Encyclopedia_RevN_Annex_Q_PostCut_Working_Events_QUARANTINED(3).csv,csv,77e1950812f8733da67b6e3e4bd0e93aa5a30c0f7cbc8e8e3978e4141b0021bf,301592,1570,OFG_Encyclopedia_RevN_Annex_Q_PostCut_Working_Ev,IMPORTED_CSV
ANNEX-0025,OFG_Engineering_Atlas_Final_Rev1/ATLAS_FINAL_MANIFEST.json,ATLAS_FINAL_MANIFEST.json,json,50b08c1a929ae2b9a8c50c7dee578cbe39e868c5d5d4f01a92e21d262a41d1e0,64238,1,ATLAS_FINAL_MANIFEST_json,IMPORTED_JSON
ANNEX-0026,OFG_Engineering_Atlas_Final_Rev1/Controlled_Data/MASTER_Asset_Level_Engineering_Closure_22647.csv,MASTER_Asset_Level_Engineering_Closure_22647.csv,csv,76425b722791f264ce79216a82df3310873e88e2f3c6ad1a7378126077198a79,11400677,22647,MASTER_Asset_Level_Engineering_Closure_22647,IMPORTED_CSV
ANNEX-0027,OFG_Engineering_Atlas_Final_Rev1/Controlled_Data/OFG_Engineering_Atlas_Rev0_BLK02_Blanket_Cell_Architecture__BLK02_R01_Research_Source_Register.csv,OFG_Engineering_Atlas_Rev0_BLK02_Blanket_Cell_Architecture__BLK02_R01_Research_Source_Register.csv,csv,6d0ed7d45e28d706a093aef127ecc7a7634485908db785761c8e1ad446d85700,2409,13,OFG_Engineering_Atlas_Rev0_BLK02_Blanket_Cell_Ar,IMPORTED_CSV
ANNEX-0028,OFG_Engineering_Atlas_Final_Rev1/Controlled_Data/OFG_Engineering_Atlas_Rev0_BLK02_Blanket_Cell_Architecture__BLK02_R02_Candidate_Architecture_Matrix.csv,OFG_Engineering_Atlas_Rev0_BLK02_Blanket_Cell_Architecture__BLK02_R02_Candidate_Architecture_Matrix.csv,csv,85d09cf576bd13330ab693c72a38e1f609b3e6435cfec449105affaa9b5c33ac,601,4,OFG_Engineering_Atlas_Rev0_BLK02_Blanket_Ce_2,IMPORTED_CSV
ANNEX-0029,OFG_Engineering_Atlas_Final_Rev1/Controlled_Data/OFG_Engineering_Atlas_Rev0_BLK02_Blanket_Cell_Architecture__BLK02_R03_Parametric_Cell_Layers.csv,OFG_Engineering_Atlas_Rev0_BLK02_Blanket_Cell_Architecture__BLK02_R03_Parametric_Cell_Layers.csv,csv,22fef307454eff8325d27b53fd10d7df81db54fd1c86b5a79ea1d5c936077a75,768,8,OFG_Engineering_Atlas_Rev0_BLK02_Blanket_Ce_3,IMPORTED_CSV
ANNEX-0030,OFG_Engineering_Atlas_Final_Rev1/Controlled_Data/OFG_Engineering_Atlas_Rev0_BLK02_Blanket_Cell_Architecture__BLK02_R04_Thermal_Hydraulic_Sensitivity.csv,OFG_Engineering_Atlas_Rev0_BLK02_Blanket_Cell_Architecture__BLK02_R04_Thermal_Hydraulic_Sensitivity.csv,csv,55ed267a5f410390d1d43920799d530d1c67ed334a473fd80595d6f758179c31,2209,54,OFG_Engineering_Atlas_Rev0_BLK02_Blanket_Ce_4,IMPORTED_CSV
ANNEX-0031,OFG_Engineering_Atlas_Final_Rev1/Controlled_Data/OFG_Engineering_Atlas_Rev0_BLK02_Blanket_Cell_Architecture__BLK02_R05_Module_Service_Interface_Ledger.csv,OFG_Engineering_Atlas_Rev0_BLK02_Blanket_Cell_Architecture__BLK02_R05_Module_Service_Interface_Ledger.csv,csv,e072dfe9c60bc4f76d0fb369dd9b45f9735e4d7b65b6765b6a11df40e257c724,936,9,OFG_Engineering_Atlas_Rev0_BLK02_Blanket_Ce_5,IMPORTED_CSV
ANNEX-0032,OFG_Engineering_Atlas_Final_Rev1/Controlled_Data/OFG_Engineering_Atlas_Rev0_BLK02_Blanket_Cell_Architecture__BLK02_R07_Canon_Decision_Conflict_Register.csv,OFG_Engineering_Atlas_Rev0_BLK02_Blanket_Cell_Architecture__BLK02_R07_Canon_Decision_Conflict_Register.csv,csv,f66ea351507c4c76ec53b20cdb112cb2aeacb4929aa9795bf32bf2b732be7807,1228,5,OFG_Engineering_Atlas_Rev0_BLK02_Blanket_Ce_6,IMPORTED_CSV
ANNEX-0033,OFG_Engineering_Atlas_Final_Rev1/Controlled_Data/OFG_Engineering_Atlas_Rev0_BLK02_Blanket_Cell_Architecture__BLK02_R08_Backward_Propagation.csv,OFG_Engineering_Atlas_Rev0_BLK02_Blanket_Cell_Architecture__BLK02_R08_Backward_Propagation.csv,csv,f04e6ce057e183df425545f67caf27702f9c231a608b33201f69488b0178acf9,1303,5,OFG_Engineering_Atlas_Rev0_BLK02_Blanket_Ce_7,IMPORTED_CSV
ANNEX-0034,OFG_Engineering_Atlas_Final_Rev1/Controlled_Data/OFG_Engineering_Atlas_Rev0_BLK02_Blanket_Cell_Architecture__BLK02_R09_Information_Provenance.csv,OFG_Engineering_Atlas_Rev0_BLK02_Blanket_Cell_Architecture__BLK02_R09_Information_Provenance.csv,csv,4b82565abe87bc1f40f4132b098263994ba47d58582d77feb2fc1fab5dd78018,1364,5,OFG_Engineering_Atlas_Rev0_BLK02_Blanket_Ce_8,IMPORTED_CSV
ANNEX-0035,OFG_Engineering_Atlas_Final_Rev1/Controlled_Data/OFG_Engineering_Atlas_Rev0_BLK02_Blanket_Cell_Architecture__BLK02_R10_Permeation_Barrier_Relative_Sensitivity.csv,OFG_Engineering_Atlas_Rev0_BLK02_Blanket_Cell_Architecture__BLK02_R10_Permeation_Barrier_Relative_Sensitivity.csv,csv,d0997a6242f7c0f93c9d5f9858da1de8f0d30d15c8b785eda472d8716c8717cd,125,4,OFG_Engineering_Atlas_Rev0_BLK02_Blanket_Ce_9,IMPORTED_CSV
ANNEX-0036,OFG_Engineering_Atlas_Final_Rev1/Controlled_Data/OFG_Engineering_Atlas_Rev0_BLK02_TRI02_Multiphysics__BLK02_R01_Canonical_80_Segment_Coordinates.csv,OFG_Engineering_Atlas_Rev0_BLK02_TRI02_Multiphysics__BLK02_R01_Canonical_80_Segment_Coordinates.csv,csv,0af274ff537127f19364e3fa17dc8899171e9d4830da72c44d3c054ea7d09c8a,6195,80,OFG_Engineering_Atlas_Rev0_BLK02_TRI02_Multiphys,IMPORTED_CSV
ANNEX-0037,OFG_Engineering_Atlas_Final_Rev1/Controlled_Data/OFG_Engineering_Atlas_Rev0_BLK02_TRI02_Multiphysics__BLK02_R02_Water_Channel_Sensitivity.csv,OFG_Engineering_Atlas_Rev0_BLK02_TRI02_Multiphysics__BLK02_R02_Water_Channel_Sensitivity.csv,csv,938e2fcc12feebd33cbb052e8ded34500070d9f0d6a5ee528ec264124dc1382b,2141,20,OFG_Engineering_Atlas_Rev0_BLK02_TRI02_Mult_2,IMPORTED_CSV
ANNEX-0038,OFG_Engineering_Atlas_Final_Rev1/Controlled_Data/OFG_Engineering_Atlas_Rev0_BLK02_TRI02_Multiphysics__BLK02_R03_Pressure_Stress_Screen.csv,OFG_Engineering_Atlas_Rev0_BLK02_TRI02_Multiphysics__BLK02_R03_Pressure_Stress_Screen.csv,csv,41593f943ead3f2f269c20c232e620bbf99faf12a2cc40e2d13fd8eec938b1cd,466,20,OFG_Engineering_Atlas_Rev0_BLK02_TRI02_Mult_3,IMPORTED_CSV
ANNEX-0039,OFG_Engineering_Atlas_Final_Rev1/Controlled_Data/OFG_Engineering_Atlas_Rev0_BLK02_TRI02_Multiphysics__BLK02_R04_Radial_Cell_Candidates.csv,OFG_Engineering_Atlas_Rev0_BLK02_TRI02_Multiphysics__BLK02_R04_Radial_Cell_Candidates.csv,csv,beb71afa49a73974eea8acb1a05ca4c6edc5e08c3ef04ae20b44a882f446b688,407,3,OFG_Engineering_Atlas_Rev0_BLK02_TRI02_Mult_4,IMPORTED_CSV
ANNEX-0040,OFG_Engineering_Atlas_Final_Rev1/Controlled_Data/OFG_Engineering_Atlas_Rev0_BLK02_TRI02_Multiphysics__BLK02_R05_TBR_ServiceFraction_Surrogate.csv,OFG_Engineering_Atlas_Rev0_BLK02_TRI02_Multiphysics__BLK02_R05_TBR_ServiceFraction_Surrogate.csv,csv,01b0a21d8bf4d1cee696fdd7cb38c161147bfefa4cbd44d0776d5bf0aa965bcf,314,12,OFG_Engineering_Atlas_Rev0_BLK02_TRI02_Mult_5,IMPORTED_CSV
ANNEX-0041,OFG_Engineering_Atlas_Final_Rev1/Controlled_Data/OFG_Engineering_Atlas_Rev0_BLK02_TRI02_Multiphysics__BLK02_TRI02_R03_System_Connections.csv,OFG_Engineering_Atlas_Rev0_BLK02_TRI02_Multiphysics__BLK02_TRI02_R03_System_Connections.csv,csv,a0c7760b75ff633de480100bcb4238fd5710419f3f4a8e2650765c1c3b7eed63,1038,14,OFG_Engineering_Atlas_Rev0_BLK02_TRI02_Mult_6,IMPORTED_CSV
ANNEX-0042,OFG_Engineering_Atlas_Final_Rev1/Controlled_Data/OFG_Engineering_Atlas_Rev0_BLK02_TRI02_Multiphysics__BLK02_TRI02_R04_Verification.csv,OFG_Engineering_Atlas_Rev0_BLK02_TRI02_Multiphysics__BLK02_TRI02_R04_Verification.csv,csv,5d90e1e0564b86772e528ee3c5b8279af1b9afbe1741dfb57e7e16a4b3a461bd,1707,12,OFG_Engineering_Atlas_Rev0_BLK02_TRI02_Mult_7,IMPORTED_CSV
ANNEX-0043,OFG_Engineering_Atlas_Final_Rev1/Controlled_Data/OFG_Engineering_Atlas_Rev0_BLK02_TRI02_Multiphysics__BLK02_TRI02_R05_Backward_Propagation.csv,OFG_Engineering_Atlas_Rev0_BLK02_TRI02_Multiphysics__BLK02_TRI02_R05_Backward_Propagation.csv,csv,87c0dfc29553fbcb2e3470d1b1aae9aaf8ceca5d940daa0f2664b56f39e98ba5,1211,6,OFG_Engineering_Atlas_Rev0_BLK02_TRI02_Mult_8,IMPORTED_CSV
ANNEX-0044,OFG_Engineering_Atlas_Final_Rev1/Controlled_Data/OFG_Engineering_Atlas_Rev0_BLK02_TRI02_Multiphysics__TRI02_R01_Process_Holdup_Sensitivity.csv,OFG_Engineering_Atlas_Rev0_BLK02_TRI02_Multiphysics__TRI02_R01_Process_Holdup_Sensitivity.csv,csv,5aec89de58be494cd64faea55e1a737959395782c252f8ff3b5fe10bcbb018e9,988,20,OFG_Engineering_Atlas_Rev0_BLK02_TRI02_Mult_9,IMPORTED_CSV
ANNEX-0045,OFG_Engineering_Atlas_Final_Rev1/Controlled_Data/OFG_Engineering_Atlas_Rev0_BLK02_TRI02_Multiphysics__TRI02_R02_Blanket_Extraction_Inventory.csv,OFG_Engineering_Atlas_Rev0_BLK02_TRI02_Multiphysics__TRI02_R02_Blanket_Extraction_Inventory.csv,csv,195dbce56fcdcf4159a77f3eac0989e3b3035e8c29d21b8f266252ffeb33132c,2032,36,OFG_Engineering_Atlas_Rev0_BLK02_TRI02_Mult_10,IMPORTED_CSV
ANNEX-0046,OFG_Engineering_Atlas_Final_Rev1/Controlled_Data/OFG_Engineering_Atlas_Rev0_BLK03_TRI03_Spatial_Handoff__BLK03_R01_51200_Voxel_Coupling_Mesh.csv,OFG_Engineering_Atlas_Rev0_BLK03_TRI03_Spatial_Handoff__BLK03_R01_51200_Voxel_Coupling_Mesh.csv,csv,676cc6082d5635567b25e63c0409e8d420618bf6c424c2490b54f5c9560899c0,6931779,51200,OFG_Engineering_Atlas_Rev0_BLK03_TRI03_Spatial_H,IMPORTED_CSV
ANNEX-0047,OFG_Engineering_Atlas_Final_Rev1/Controlled_Data/OFG_Engineering_Atlas_Rev0_BLK03_TRI03_Spatial_Handoff__BLK03_R02_Segment_Spatial_Summary.csv,OFG_Engineering_Atlas_Rev0_BLK03_TRI03_Spatial_Handoff__BLK03_R02_Segment_Spatial_Summary.csv,csv,738afc6a19eccef1590f30c36f3225cd850010ad98cb3d1365967e79291647d9,6170,80,OFG_Engineering_Atlas_Rev0_BLK03_TRI03_Spat_2,IMPORTED_CSV
ANNEX-0048,OFG_Engineering_Atlas_Final_Rev1/Controlled_Data/OFG_Engineering_Atlas_Rev0_BLK03_TRI03_Spatial_Handoff__BLK03_R03_Port_Gap_TBR_Sensitivity.csv,OFG_Engineering_Atlas_Rev0_BLK03_TRI03_Spatial_Handoff__BLK03_R03_Port_Gap_TBR_Sensitivity.csv,csv,1ec9e66bcccbd85fd7328ab8d55bd3bdf14d963188265a4b81ea8b00b27dc539,1278,45,OFG_Engineering_Atlas_Rev0_BLK03_TRI03_Spat_3,IMPORTED_CSV
ANNEX-0049,OFG_Engineering_Atlas_Final_Rev1/Controlled_Data/OFG_Engineering_Atlas_Rev0_BLK03_TRI03_Spatial_Handoff__BLK03_TRI03_R04_Research_Register.csv,OFG_Engineering_Atlas_Rev0_BLK03_TRI03_Spatial_Handoff__BLK03_TRI03_R04_Research_Register.csv,csv,2b73280823890ccdaf082a2df0b1c453476ebd2651658eca594150b2b4ff29cf,2629,11,OFG_Engineering_Atlas_Rev0_BLK03_TRI03_Spat_4,IMPORTED_CSV
ANNEX-0050,OFG_Engineering_Atlas_Final_Rev1/Controlled_Data/OFG_Engineering_Atlas_Rev0_BLK03_TRI03_Spatial_Handoff__BLK03_TRI03_R05_Backward_Propagation.csv,OFG_Engineering_Atlas_Rev0_BLK03_TRI03_Spatial_Handoff__BLK03_TRI03_R05_Backward_Propagation.csv,csv,773a2a043713ea1a0669caddf9e7dae7ebd2cfaa811750d7626616977cd61c3e,1114,5,OFG_Engineering_Atlas_Rev0_BLK03_TRI03_Spat_5,IMPORTED_CSV
ANNEX-0051,OFG_Engineering_Atlas_Final_Rev1/Controlled_Data/OFG_Engineering_Atlas_Rev0_BLK03_TRI03_Spatial_Handoff__BLK03_TRI03_R06_Canon_Decision_Conflict.csv,OFG_Engineering_Atlas_Rev0_BLK03_TRI03_Spatial_Handoff__BLK03_TRI03_R06_Canon_Decision_Conflict.csv,csv,f2e98bf38e7b7983ee1b0e1b19227852bc2209f988a57df3e8daaea4b6ec69a8,855,5,OFG_Engineering_Atlas_Rev0_BLK03_TRI03_Spat_6,IMPORTED_CSV
ANNEX-0052,OFG_Engineering_Atlas_Final_Rev1/Controlled_Data/OFG_Engineering_Atlas_Rev0_BLK03_TRI03_Spatial_Handoff__FM05_R00_Blanket_Load_Handoff.csv,OFG_Engineering_Atlas_Rev0_BLK03_TRI03_Spatial_Handoff__FM05_R00_Blanket_Load_Handoff.csv,csv,e47eb3873f6ca6f35879baf61c7f1f7796e57f8a07e9dcc3804e83eadd585b4d,10146,80,OFG_Engineering_Atlas_Rev0_BLK03_TRI03_Spat_7,IMPORTED_CSV
ANNEX-0053,OFG_Engineering_Atlas_Final_Rev1/Controlled_Data/OFG_Engineering_Atlas_Rev0_BLK03_TRI03_Spatial_Handoff__TRI03_R01_Component_Inventory_Accountancy.csv,OFG_Engineering_Atlas_Rev0_BLK03_TRI03_Spatial_Handoff__TRI03_R01_Component_Inventory_Accountancy.csv,csv,53c7e8b1347547086d926ef1b013795fb6bb288c24c1ef6976e0a9f5bf88adbf,3703,32,OFG_Engineering_Atlas_Rev0_BLK03_TRI03_Spat_8,IMPORTED_CSV
ANNEX-0054,OFG_Engineering_Atlas_Final_Rev1/Controlled_Data/OFG_Engineering_Atlas_Rev0_BLK03_TRI03_Spatial_Handoff__TRI03_R02_Material_Balance_Uncertainty.csv,OFG_Engineering_Atlas_Rev0_BLK03_TRI03_Spatial_Handoff__TRI03_R02_Material_Balance_Uncertainty.csv,csv,e03acc22ecc7ee2d812ee6ba7ad4f82273e5adf5945a55d4b8328c20c327220e,359,4,OFG_Engineering_Atlas_Rev0_BLK03_TRI03_Spat_9,IMPORTED_CSV
ANNEX-0055,OFG_Engineering_Atlas_Final_Rev1/Controlled_Data/OFG_Engineering_Atlas_Rev0_BUILD01_CONSTR01_TEMP01_VER03__BUILD01_R01_Building_Structural_Constructability.csv,OFG_Engineering_Atlas_Rev0_BUILD01_CONSTR01_TEMP01_VER03__BUILD01_R01_Building_Structural_Constructability.csv,csv,4c16c142a68e99fc5b60a561d48cdf349994dd7a155015aad52b586ac66b27fb,2185,8,OFG_Engineering_Atlas_Rev0_BUILD01_CONSTR01_TEMP,IMPORTED_CSV
ANNEX-0056,OFG_Engineering_Atlas_Final_Rev1/Controlled_Data/OFG_Engineering_Atlas_Rev0_BUILD01_CONSTR01_TEMP01_VER03__BUILD01_R02_Construction_State_Model.csv,OFG_Engineering_Atlas_Rev0_BUILD01_CONSTR01_TEMP01_VER03__BUILD01_R02_Construction_State_Model.csv,csv,593e28d2d1964e33dfc1fc0aea1f49fd007dd5429f8dc9bf6f60cabf999440af,917,8,OFG_Engineering_Atlas_Rev0_BUILD01_CONSTR01_2,IMPORTED_CSV
ANNEX-0057,OFG_Engineering_Atlas_Final_Rev1/Controlled_Data/OFG_Engineering_Atlas_Rev0_BUILD01_CONSTR01_TEMP01_VER03__CONSTR01_R01_Canon_Constructability_Constraints.csv,OFG_Engineering_Atlas_Rev0_BUILD01_CONSTR01_TEMP01_VER03__CONSTR01_R01_Canon_Constructability_Constraints.csv,csv,8249e7da6e634c5fe2b4e146ee1a1ddfb45f3fdd28d7a3124dae0fdda6b16b44,2129,12,OFG_Engineering_Atlas_Rev0_BUILD01_CONSTR01_3,IMPORTED_CSV
ANNEX-0058,OFG_Engineering_Atlas_Final_Rev1/Controlled_Data/OFG_Engineering_Atlas_Rev0_BUILD01_CONSTR01_TEMP01_VER03__CONSTR01_R02_Constructability_Gates.csv,OFG_Engineering_Atlas_Rev0_BUILD01_CONSTR01_TEMP01_VER03__CONSTR01_R02_Constructability_Gates.csv,csv,d60c4f5aa54baca0bfbac5a577ab91ad6c533d27cf1f7c58286afb5f7468cc2a,2063,12,OFG_Engineering_Atlas_Rev0_BUILD01_CONSTR01_4,IMPORTED_CSV
ANNEX-0059,OFG_Engineering_Atlas_Final_Rev1/Controlled_Data/OFG_Engineering_Atlas_Rev0_BUILD01_CONSTR01_TEMP01_VER03__TEMP01_R01_Temporary_Asset_Register.csv,OFG_Engineering_Atlas_Rev0_BUILD01_CONSTR01_TEMP01_VER03__TEMP01_R01_Temporary_Asset_Register.csv,csv,e0dd75acbf27cb8fe7a3fb53fe2e892b7924119e95650144fef44c4b618c22f2,2399,12,OFG_Engineering_Atlas_Rev0_BUILD01_CONSTR01_5,IMPORTED_CSV
ANNEX-0060,OFG_Engineering_Atlas_Final_Rev1/Controlled_Data/OFG_Engineering_Atlas_Rev0_BUILD01_CONSTR01_TEMP01_VER03__VER03_R01_Constructability_Verification.csv,OFG_Engineering_Atlas_Rev0_BUILD01_CONSTR01_TEMP01_VER03__VER03_R01_Constructability_Verification.csv,csv,665c156c843fe8ba687b4197cc5e9e0a1976c876f3cfd35ea95b1ba00888c99b,2395,10,OFG_Engineering_Atlas_Rev0_BUILD01_CONSTR01_6,IMPORTED_CSV
ANNEX-0061,OFG_Engineering_Atlas_Final_Rev1/Controlled_Data/OFG_Engineering_Atlas_Rev0_BUILD01_CONSTR01_TEMP01_VER03__VER03_R02_Backward_Propagation.csv,OFG_Engineering_Atlas_Rev0_BUILD01_CONSTR01_TEMP01_VER03__VER03_R02_Backward_Propagation.csv,csv,02a27f342e0af157267f883b1901a0a86e5b4c5dd6e0a97a9712d3683b3dd2db,1738,9,OFG_Engineering_Atlas_Rev0_BUILD01_CONSTR01_7,IMPORTED_CSV
ANNEX-0062,OFG_Engineering_Atlas_Final_Rev1/Controlled_Data/OFG_Engineering_Atlas_Rev0_BUILD02_ROOM02_PEN02_ROUTE02_TOL01_LOG01_SIMOPS01_FM10_VER04__BUILD02_R01_4D_Building_State_Register.csv,OFG_Engineering_Atlas_Rev0_BUILD02_ROOM02_PEN02_ROUTE02_TOL01_LOG01_SIMOPS01_FM10_VER04__BUILD02_R01_4D_Building_State_Register.csv,csv,6d932dd6065820f3b0e17d9cb3e802437e403f6b3923b3e3ae97d0073afe4cd6,3063,17,OFG_Engineering_Atlas_Rev0_BUILD02_ROOM02_PEN02_,IMPORTED_CSV
ANNEX-0063,OFG_Engineering_Atlas_Final_Rev1/Controlled_Data/OFG_Engineering_Atlas_Rev0_BUILD02_ROOM02_PEN02_ROUTE02_TOL01_LOG01_SIMOPS01_FM10_VER04__FM10_R01_Construction_Stage_Structural_Cases.csv,OFG_Engineering_Atlas_Rev0_BUILD02_ROOM02_PEN02_ROUTE02_TOL01_LOG01_SIMOPS01_FM10_VER04__FM10_R01_Construction_Stage_Structural_Cases.csv,csv,a46869fae716ed9f2a853d641030105cb24b00dab3b4ac999df6fc8e199f0df5,1141,7,OFG_Engineering_Atlas_Rev0_BUILD02_ROOM02_P_2,IMPORTED_CSV
ANNEX-0064,OFG_Engineering_Atlas_Final_Rev1/Controlled_Data/OFG_Engineering_Atlas_Rev0_BUILD02_ROOM02_PEN02_ROUTE02_TOL01_LOG01_SIMOPS01_FM10_VER04__PEN02_R01_Penetration_Closure_Register.csv,OFG_Engineering_Atlas_Rev0_BUILD02_ROOM02_PEN02_ROUTE02_TOL01_LOG01_SIMOPS01_FM10_VER04__PEN02_R01_Penetration_Closure_Register.csv,csv,adc0d212cf375a59b74e62b7a72807d9cf4188a9ed50e0cd7bd8e1a5b120383b,1355,7,OFG_Engineering_Atlas_Rev0_BUILD02_ROOM02_P_3,IMPORTED_CSV
ANNEX-0065,OFG_Engineering_Atlas_Final_Rev1/Controlled_Data/OFG_Engineering_Atlas_Rev0_BUILD02_ROOM02_PEN02_ROUTE02_TOL01_LOG01_SIMOPS01_FM10_VER04__ROOM02_R01_Function_Construction_Maintenance_Rooms.csv,OFG_Engineering_Atlas_Rev0_BUILD02_ROOM02_PEN02_ROUTE02_TOL01_LOG01_SIMOPS01_FM10_VER04__ROOM02_R01_Function_Construction_Maintenance_Rooms.csv,csv,a6fb04e22b1f00202d0aeda7872132ce59f0d96511f39eede1c48258cfaabe5f,2848,19,OFG_Engineering_Atlas_Rev0_BUILD02_ROOM02_P_4,IMPORTED_CSV
ANNEX-0066,OFG_Engineering_Atlas_Final_Rev1/Controlled_Data/OFG_Engineering_Atlas_Rev0_BUILD02_ROOM02_PEN02_ROUTE02_TOL01_LOG01_SIMOPS01_FM10_VER04__ROUTE02_R01_Construction_and_Maintenance_Routes.csv,OFG_Engineering_Atlas_Rev0_BUILD02_ROOM02_PEN02_ROUTE02_TOL01_LOG01_SIMOPS01_FM10_VER04__ROUTE02_R01_Construction_and_Maintenance_Routes.csv,csv,1e067d028f0313a77f721d288ca23ec3e8d1d4ad2cf6a85a4f652a558e6e035a,1275,8,OFG_Engineering_Atlas_Rev0_BUILD02_ROOM02_P_5,IMPORTED_CSV
ANNEX-0067,OFG_Engineering_Atlas_Final_Rev1/Controlled_Data/OFG_Engineering_Atlas_Rev0_BUILD02_ROOM02_PEN02_ROUTE02_TOL01_LOG01_SIMOPS01_FM10_VER04__SIMOPS01_R01_Construction_Commissioning_Interface.csv,OFG_Engineering_Atlas_Rev0_BUILD02_ROOM02_PEN02_ROUTE02_TOL01_LOG01_SIMOPS01_FM10_VER04__SIMOPS01_R01_Construction_Commissioning_Interface.csv,csv,7018e645af680904139094467a0a3bf0ff752ee5478013daaf3d2eabd50efbd6,1360,6,OFG_Engineering_Atlas_Rev0_BUILD02_ROOM02_P_6,IMPORTED_CSV
ANNEX-0068,OFG_Engineering_Atlas_Final_Rev1/Controlled_Data/OFG_Engineering_Atlas_Rev0_BUILD02_ROOM02_PEN02_ROUTE02_TOL01_LOG01_SIMOPS01_FM10_VER04__TOL01_R01_Tolerance_Budget_Skeleton.csv,OFG_Engineering_Atlas_Rev0_BUILD02_ROOM02_PEN02_ROUTE02_TOL01_LOG01_SIMOPS01_FM10_VER04__TOL01_R01_Tolerance_Budget_Skeleton.csv,csv,4d69ef849fcc65bdfcb5a0f34de972cd20e7ec3894783fa325f93b1a646b0b72,1281,7,OFG_Engineering_Atlas_Rev0_BUILD02_ROOM02_P_7,IMPORTED_CSV
ANNEX-0069,OFG_Engineering_Atlas_Final_Rev1/Controlled_Data/OFG_Engineering_Atlas_Rev0_BUILD02_ROOM02_PEN02_ROUTE02_TOL01_LOG01_SIMOPS01_FM10_VER04__VER04_R01_Revision_Provenance.csv,OFG_Engineering_Atlas_Rev0_BUILD02_ROOM02_PEN02_ROUTE02_TOL01_LOG01_SIMOPS01_FM10_VER04__VER04_R01_Revision_Provenance.csv,csv,ffeec9113aecdf31baf95bc49476bcf1d1c5d717e41549bd9b5348713abf59ae,1488,6,OFG_Engineering_Atlas_Rev0_BUILD02_ROOM02_P_8,IMPORTED_CSV
ANNEX-0070,OFG_Engineering_Atlas_Final_Rev1/Controlled_Data/OFG_Engineering_Atlas_Rev0_BUILD03_STRUC01_EMBED01_OPEN01_IWP01_LOG02_TOL02_FM11_VER05__BUILD03_R01_F101_Elevation_Bands.csv,OFG_Engineering_Atlas_Rev0_BUILD03_STRUC01_EMBED01_OPEN01_IWP01_LOG02_TOL02_FM11_VER05__BUILD03_R01_F101_Elevation_Bands.csv,csv,5a4770e7d7e36f8aa8b3c87e728751953e258b13931470b2a6a62fcc072b8e4a,972,7,OFG_Engineering_Atlas_Rev0_BUILD03_STRUC01_EMBED,IMPORTED_CSV
ANNEX-0071,OFG_Engineering_Atlas_Final_Rev1/Controlled_Data/OFG_Engineering_Atlas_Rev0_BUILD03_STRUC01_EMBED01_OPEN01_IWP01_LOG02_TOL02_FM11_VER05__BUILD03_R02_F101_Toroidal_Coordination_Sectors.csv,OFG_Engineering_Atlas_Rev0_BUILD03_STRUC01_EMBED01_OPEN01_IWP01_LOG02_TOL02_FM11_VER05__BUILD03_R02_F101_Toroidal_Coordination_Sectors.csv,csv,5f83b0a3a16a2df51a463c9aa6ca777e75e305fe172d6b3b2cd364a88da0939c,2214,16,OFG_Engineering_Atlas_Rev0_BUILD03_STRUC01__2,IMPORTED_CSV
ANNEX-0072,OFG_Engineering_Atlas_Final_Rev1/Controlled_Data/OFG_Engineering_Atlas_Rev0_BUILD03_STRUC01_EMBED01_OPEN01_IWP01_LOG02_TOL02_FM11_VER05__EMBED01_R01_Embed_Type_Register.csv,OFG_Engineering_Atlas_Rev0_BUILD03_STRUC01_EMBED01_OPEN01_IWP01_LOG02_TOL02_FM11_VER05__EMBED01_R01_Embed_Type_Register.csv,csv,f5f44674c741d8de9b53f43094f11fb07262b62eb87809157afa927de583ced0,1915,9,OFG_Engineering_Atlas_Rev0_BUILD03_STRUC01__3,IMPORTED_CSV
ANNEX-0073,OFG_Engineering_Atlas_Final_Rev1/Controlled_Data/OFG_Engineering_Atlas_Rev0_BUILD03_STRUC01_EMBED01_OPEN01_IWP01_LOG02_TOL02_FM11_VER05__EMBED01_R02_PrePour_Hold_Point_Packet.csv,OFG_Engineering_Atlas_Rev0_BUILD03_STRUC01_EMBED01_OPEN01_IWP01_LOG02_TOL02_FM11_VER05__EMBED01_R02_PrePour_Hold_Point_Packet.csv,csv,d7f3cbeabbb178f7e0c2d2708def8462dcb22455d05de92836195d5877df4300,1057,10,OFG_Engineering_Atlas_Rev0_BUILD03_STRUC01__4,IMPORTED_CSV
ANNEX-0074,OFG_Engineering_Atlas_Final_Rev1/Controlled_Data/OFG_Engineering_Atlas_Rev0_BUILD03_STRUC01_EMBED01_OPEN01_IWP01_LOG02_TOL02_FM11_VER05__FM11_R01_F101_Stage_Model_Contract.csv,OFG_Engineering_Atlas_Rev0_BUILD03_STRUC01_EMBED01_OPEN01_IWP01_LOG02_TOL02_FM11_VER05__FM11_R01_F101_Stage_Model_Contract.csv,csv,91bbf6d77ac246c2e41dd502e828681c14197d35c2350d8c92d46a593736af1e,1705,8,OFG_Engineering_Atlas_Rev0_BUILD03_STRUC01__5,IMPORTED_CSV
ANNEX-0075,OFG_Engineering_Atlas_Final_Rev1/Controlled_Data/OFG_Engineering_Atlas_Rev0_BUILD03_STRUC01_EMBED01_OPEN01_IWP01_LOG02_TOL02_FM11_VER05__IWP01_R01_Sector_Erection_Workpacks.csv,OFG_Engineering_Atlas_Rev0_BUILD03_STRUC01_EMBED01_OPEN01_IWP01_LOG02_TOL02_FM11_VER05__IWP01_R01_Sector_Erection_Workpacks.csv,csv,457fde284d630aa3cc4707f5c0082b60519f84405b5a7375cdec1245fa73d0e7,5613,16,OFG_Engineering_Atlas_Rev0_BUILD03_STRUC01__6,IMPORTED_CSV
ANNEX-0076,OFG_Engineering_Atlas_Final_Rev1/Controlled_Data/OFG_Engineering_Atlas_Rev0_BUILD03_STRUC01_EMBED01_OPEN01_IWP01_LOG02_TOL02_FM11_VER05__IWP01_R02_Rolling_Field_Joining.csv,OFG_Engineering_Atlas_Rev0_BUILD03_STRUC01_EMBED01_OPEN01_IWP01_LOG02_TOL02_FM11_VER05__IWP01_R02_Rolling_Field_Joining.csv,csv,175c5518881cd6dca50980de08019adf35a723d72e61bcf328a98b71b3661980,5927,16,OFG_Engineering_Atlas_Rev0_BUILD03_STRUC01__7,IMPORTED_CSV
ANNEX-0077,OFG_Engineering_Atlas_Final_Rev1/Controlled_Data/OFG_Engineering_Atlas_Rev0_BUILD03_STRUC01_EMBED01_OPEN01_IWP01_LOG02_TOL02_FM11_VER05__LOG02_R01_Heavy_Logistics_Data_Contract.csv,OFG_Engineering_Atlas_Rev0_BUILD03_STRUC01_EMBED01_OPEN01_IWP01_LOG02_TOL02_FM11_VER05__LOG02_R01_Heavy_Logistics_Data_Contract.csv,csv,bf33e18f57c0ddcf0c1147808696542905d6f74f7e80b94a7c19221ece054d8b,1440,12,OFG_Engineering_Atlas_Rev0_BUILD03_STRUC01__8,IMPORTED_CSV
ANNEX-0078,OFG_Engineering_Atlas_Final_Rev1/Controlled_Data/OFG_Engineering_Atlas_Rev0_BUILD03_STRUC01_EMBED01_OPEN01_IWP01_LOG02_TOL02_FM11_VER05__OPEN01_R01_F101_Opening_Lifecycle.csv,OFG_Engineering_Atlas_Rev0_BUILD03_STRUC01_EMBED01_OPEN01_IWP01_LOG02_TOL02_FM11_VER05__OPEN01_R01_F101_Opening_Lifecycle.csv,csv,c5a484dc981fae51d54741e56cba85aa4f975bfe0c534df9a0b4bfd2ee06b2e5,1794,8,OFG_Engineering_Atlas_Rev0_BUILD03_STRUC01__9,IMPORTED_CSV
ANNEX-0079,OFG_Engineering_Atlas_Final_Rev1/Controlled_Data/OFG_Engineering_Atlas_Rev0_BUILD03_STRUC01_EMBED01_OPEN01_IWP01_LOG02_TOL02_FM11_VER05__STRUC01_R01_F101_Structural_Object_Skeleton.csv,OFG_Engineering_Atlas_Rev0_BUILD03_STRUC01_EMBED01_OPEN01_IWP01_LOG02_TOL02_FM11_VER05__STRUC01_R01_F101_Structural_Object_Skeleton.csv,csv,cd967e0d943a1bf3bcce2ebe8ccf8e84f6319649aa0d085d0645b53b4b359718,13225,68,OFG_Engineering_Atlas_Rev0_BUILD03_STRUC01__10,IMPORTED_CSV
ANNEX-0080,OFG_Engineering_Atlas_Final_Rev1/Controlled_Data/OFG_Engineering_Atlas_Rev0_BUILD03_STRUC01_EMBED01_OPEN01_IWP01_LOG02_TOL02_FM11_VER05__TOL02_R01_F101_Machine_Tolerance_Chain.csv,OFG_Engineering_Atlas_Rev0_BUILD03_STRUC01_EMBED01_OPEN01_IWP01_LOG02_TOL02_FM11_VER05__TOL02_R01_F101_Machine_Tolerance_Chain.csv,csv,d272baa9c4fadc190d385f48b5a1e115b477bbed2f5bc42497072c5ad4cb2e06,1204,11,OFG_Engineering_Atlas_Rev0_BUILD03_STRUC01__11,IMPORTED_CSV
ANNEX-0081,OFG_Engineering_Atlas_Final_Rev1/Controlled_Data/OFG_Engineering_Atlas_Rev0_BUILD03_STRUC01_EMBED01_OPEN01_IWP01_LOG02_TOL02_FM11_VER05__TOL02_R02_Verification_Equations.csv,OFG_Engineering_Atlas_Rev0_BUILD03_STRUC01_EMBED01_OPEN01_IWP01_LOG02_TOL02_FM11_VER05__TOL02_R02_Verification_Equations.csv,csv,abb202b6affa3d3c47f9a94bc139b0a9b79f93b62d1e5ef1d965d3e2a2ef9da2,561,5,OFG_Engineering_Atlas_Rev0_BUILD03_STRUC01__12,IMPORTED_CSV
ANNEX-0082,OFG_Engineering_Atlas_Final_Rev1/Controlled_Data/OFG_Engineering_Atlas_Rev0_BUILD03_STRUC01_EMBED01_OPEN01_IWP01_LOG02_TOL02_FM11_VER05__VER05_R00_Source_Evidence_Register.csv,OFG_Engineering_Atlas_Rev0_BUILD03_STRUC01_EMBED01_OPEN01_IWP01_LOG02_TOL02_FM11_VER05__VER05_R00_Source_Evidence_Register.csv,csv,1136c3ed91f2cc4216d4c44b22378f629c7beebbfb479901d5fb2633798c8d35,2739,11,OFG_Engineering_Atlas_Rev0_BUILD03_STRUC01__13,IMPORTED_CSV
ANNEX-0083,OFG_Engineering_Atlas_Final_Rev1/Controlled_Data/OFG_Engineering_Atlas_Rev0_BUILD03_STRUC01_EMBED01_OPEN01_IWP01_LOG02_TOL02_FM11_VER05__VER05_R01_Findings.csv,OFG_Engineering_Atlas_Rev0_BUILD03_STRUC01_EMBED01_OPEN01_IWP01_LOG02_TOL02_FM11_VER05__VER05_R01_Findings.csv,csv,458fe74338a793ba364d56a63c8c9ce845dbc65f2c98c90c48a6f8ece98e4b31,1902,10,OFG_Engineering_Atlas_Rev0_BUILD03_STRUC01__14,IMPORTED_CSV
ANNEX-0084,OFG_Engineering_Atlas_Final_Rev1/Controlled_Data/OFG_Engineering_Atlas_Rev0_BUILD03_STRUC01_EMBED01_OPEN01_IWP01_LOG02_TOL02_FM11_VER05__VER05_R02_Backward_Propagation.csv,OFG_Engineering_Atlas_Rev0_BUILD03_STRUC01_EMBED01_OPEN01_IWP01_LOG02_TOL02_FM11_VER05__VER05_R02_Backward_Propagation.csv,csv,99be3966835f537547e2f2aacf034604452afaa8e8db91299c10324f32a5b046,1346,10,OFG_Engineering_Atlas_Rev0_BUILD03_STRUC01__15,IMPORTED_CSV
ANNEX-0085,OFG_Engineering_Atlas_Final_Rev1/Controlled_Data/OFG_Engineering_Atlas_Rev0_BUILD03_STRUC01_EMBED01_OPEN01_IWP01_LOG02_TOL02_FM11_VER05__VER05_R03_Canon_Decision_Conflict_Register.csv,OFG_Engineering_Atlas_Rev0_BUILD03_STRUC01_EMBED01_OPEN01_IWP01_LOG02_TOL02_FM11_VER05__VER05_R03_Canon_Decision_Conflict_Register.csv,csv,9a7b3e1143ac713adec6ff56fba23e603657e419c9f695ceb4b877345c934b61,1031,7,OFG_Engineering_Atlas_Rev0_BUILD03_STRUC01__16,IMPORTED_CSV
ANNEX-0086,OFG_Engineering_Atlas_Final_Rev1/Controlled_Data/OFG_Engineering_Atlas_Rev0_F101_DETAIL01_VALID01_VER06__PORT01_R01_F101_Port_Interface_Families.csv,OFG_Engineering_Atlas_Rev0_F101_DETAIL01_VALID01_VER06__PORT01_R01_F101_Port_Interface_Families.csv,csv,7895b28d8c69fb5d9a9877144f8e2bed4085a8d3c68c5c05004c4c9a759bce97,7351,48,OFG_Engineering_Atlas_Rev0_F101_DETAIL01_VALID01,IMPORTED_CSV
ANNEX-0087,OFG_Engineering_Atlas_Final_Rev1/Controlled_Data/OFG_Engineering_Atlas_Rev0_F101_DETAIL01_VALID01_VER06__SUPPORT01_R01_Machine_Support_Stations.csv,OFG_Engineering_Atlas_Rev0_F101_DETAIL01_VALID01_VER06__SUPPORT01_R01_Machine_Support_Stations.csv,csv,cf3f8adee265afca35631de74f47a533c8bc66fc91633674b21b91463b80da76,5064,16,OFG_Engineering_Atlas_Rev0_F101_DETAIL01_VA_2,IMPORTED_CSV
ANNEX-0088,OFG_Engineering_Atlas_Final_Rev1/Controlled_Data/OFG_Engineering_Atlas_Rev0_F101_DETAIL01_VALID01_VER06__VALID01_R01_Discipline_Research_Matrix.csv,OFG_Engineering_Atlas_Rev0_F101_DETAIL01_VALID01_VER06__VALID01_R01_Discipline_Research_Matrix.csv,csv,745c93f425b6f0e773405e9c890bff907c0b26df305053af1ded5294e31492a9,2347,12,OFG_Engineering_Atlas_Rev0_F101_DETAIL01_VA_3,IMPORTED_CSV
ANNEX-0089,OFG_Engineering_Atlas_Final_Rev1/Controlled_Data/OFG_Engineering_Atlas_Rev0_F101_DETAIL01_VALID01_VER06__VALID01_R02_Master_Validation_Test_Catalog.csv,OFG_Engineering_Atlas_Rev0_F101_DETAIL01_VALID01_VER06__VALID01_R02_Master_Validation_Test_Catalog.csv,csv,b249e6077827b2cfea1251ffb0fcd70b36546cb22fb892a8bce79904ffa4881e,4795,25,OFG_Engineering_Atlas_Rev0_F101_DETAIL01_VA_4,IMPORTED_CSV
ANNEX-0090,OFG_Engineering_Atlas_Final_Rev1/Controlled_Data/OFG_Engineering_Atlas_Rev0_F101_DETAIL01_VALID01_VER06__VALID01_R03_Executed_Graph_Tests.csv,OFG_Engineering_Atlas_Rev0_F101_DETAIL01_VALID01_VER06__VALID01_R03_Executed_Graph_Tests.csv,csv,801cde2ae678d57b621e6fe9fdcb7ff0eb22b35f15f1e9840249981fe978b040,259,1,OFG_Engineering_Atlas_Rev0_F101_DETAIL01_VA_5,IMPORTED_CSV
ANNEX-0091,OFG_Engineering_Atlas_Final_Rev1/Controlled_Data/OFG_Engineering_Atlas_Rev0_F101_DETAIL01_VALID01_VER06__VALID01_R04_MonteCarlo_Harness.csv,OFG_Engineering_Atlas_Rev0_F101_DETAIL01_VALID01_VER06__VALID01_R04_MonteCarlo_Harness.csv,csv,6cb46087ac416e63d68c22268571331d0be49cef190eb752e786446dadd28be9,309,1,OFG_Engineering_Atlas_Rev0_F101_DETAIL01_VA_6,IMPORTED_CSV
ANNEX-0092,OFG_Engineering_Atlas_Final_Rev1/Controlled_Data/OFG_Engineering_Atlas_Rev0_F101_DETAIL01_VALID01_VER06__VALID01_R05_Cross_Domain_Coupling_Matrix.csv,OFG_Engineering_Atlas_Rev0_F101_DETAIL01_VALID01_VER06__VALID01_R05_Cross_Domain_Coupling_Matrix.csv,csv,2abe512654aa2441d521e5e1f8ab02294d6bb54e35957c8c3f644efd78660dc6,1615,12,OFG_Engineering_Atlas_Rev0_F101_DETAIL01_VA_7,IMPORTED_CSV
ANNEX-0093,OFG_Engineering_Atlas_Final_Rev1/Controlled_Data/OFG_Engineering_Atlas_Rev0_F101_DETAIL01_VALID01_VER06__VALID01_R06_Test_Run_Metadata.json,OFG_Engineering_Atlas_Rev0_F101_DETAIL01_VALID01_VER06__VALID01_R06_Test_Run_Metadata.json,json,664fdd5d00ce6e3572c2f7ab523ccdff2494d2636358b4d2dd06e94aab4aa868,415,1,OFG_Engineering_Atlas_Rev0_F101_DETAIL01_VA_8,IMPORTED_JSON
ANNEX-0094,OFG_Engineering_Atlas_Final_Rev1/Controlled_Data/OFG_Engineering_Atlas_Rev0_F101_DETAIL01_VALID01_VER06__VER06_R01_Backward_Propagation.csv,OFG_Engineering_Atlas_Rev0_F101_DETAIL01_VALID01_VER06__VER06_R01_Backward_Propagation.csv,csv,519d1fd5a3581c6bee00e0f290320a6ee86b48864c409144a882b46c9cdac348,1679,8,OFG_Engineering_Atlas_Rev0_F101_DETAIL01_VA_9,IMPORTED_CSV
ANNEX-0095,OFG_Engineering_Atlas_Final_Rev1/Controlled_Data/OFG_Engineering_Atlas_Rev0_F101_DETAIL01_VALID01_VER06__VER06_R02_Canon_Decision_Conflict_Register.csv,OFG_Engineering_Atlas_Rev0_F101_DETAIL01_VALID01_VER06__VER06_R02_Canon_Decision_Conflict_Register.csv,csv,841cc914beb7b16b1ff04070bff7dc77ede1ec3626165f39a5f20627113cd177,1178,8,OFG_Engineering_Atlas_Rev0_F101_DETAIL01_VA_10,IMPORTED_CSV
ANNEX-0096,OFG_Engineering_Atlas_Final_Rev1/Controlled_Data/OFG_Engineering_Atlas_Rev0_FM01_Fusion_Machine__FM_R01_Component_Placement.csv,OFG_Engineering_Atlas_Rev0_FM01_Fusion_Machine__FM_R01_Component_Placement.csv,csv,a44591f420299127cd54beaa583369c557ad2f2274d56f08e7c345bd095e18d9,12047,130,OFG_Engineering_Atlas_Rev0_FM01_Fusion_Machine__,IMPORTED_CSV
ANNEX-0097,OFG_Engineering_Atlas_Final_Rev1/Controlled_Data/OFG_Engineering_Atlas_Rev0_FM01_Fusion_Machine__FM_R02_Radial_Stack_Verification.csv,OFG_Engineering_Atlas_Rev0_FM01_Fusion_Machine__FM_R02_Radial_Stack_Verification.csv,csv,091f89bbb68bd504d9e630f56d3d4b75ba2358d3cb41f0c323418e1d36bc95aa,473,7,OFG_Engineering_Atlas_Rev0_FM01_Fusion_Mach_2,IMPORTED_CSV
ANNEX-0098,OFG_Engineering_Atlas_Final_Rev1/Controlled_Data/OFG_Engineering_Atlas_Rev0_FM01_Fusion_Machine__FM_R03_Verification_Matrix.csv,OFG_Engineering_Atlas_Rev0_FM01_Fusion_Machine__FM_R03_Verification_Matrix.csv,csv,ce41bf7bf9ce295ca716d303791719f0754952c52d1d606793fa7dfce9337a06,1868,12,OFG_Engineering_Atlas_Rev0_FM01_Fusion_Mach_3,IMPORTED_CSV
ANNEX-0099,OFG_Engineering_Atlas_Final_Rev1/Controlled_Data/OFG_Engineering_Atlas_Rev0_FM01_Fusion_Machine__FM_R04_Port_Reservation_Ledger.csv,OFG_Engineering_Atlas_Rev0_FM01_Fusion_Machine__FM_R04_Port_Reservation_Ledger.csv,csv,326649dee237e0156ddc7df7c70da478671b93f0041bfd3ff50f0b99e9437da3,14235,128,OFG_Engineering_Atlas_Rev0_FM01_Fusion_Mach_4,IMPORTED_CSV
ANNEX-0100,OFG_Engineering_Atlas_Final_Rev1/Controlled_Data/OFG_Engineering_Atlas_Rev0_FM01_Fusion_Machine__FM_R05_Fusion_Machine_Graph.json,OFG_Engineering_Atlas_Rev0_FM01_Fusion_Machine__FM_R05_Fusion_Machine_Graph.json,json,03d1e868246b308060da0adc3bff802e63aacb69d573c29dd540956bb717750f,66594,1,OFG_Engineering_Atlas_Rev0_FM01_Fusion_Mach_5,IMPORTED_JSON
ANNEX-0101,OFG_Engineering_Atlas_Final_Rev1/Controlled_Data/OFG_Engineering_Atlas_Rev0_FM01_Fusion_Machine__FM_R06_Backward_Propagation_Register.csv,OFG_Engineering_Atlas_Rev0_FM01_Fusion_Machine__FM_R06_Backward_Propagation_Register.csv,csv,84f8efec8a6245291b03fbac3ec2fa95dfd0c1245fb75e0352c80fe1ad6da52b,794,3,OFG_Engineering_Atlas_Rev0_FM01_Fusion_Mach_6,IMPORTED_CSV
ANNEX-0102,OFG_Engineering_Atlas_Final_Rev1/Controlled_Data/OFG_Engineering_Atlas_Rev0_FM02_Magnets_Cryogenics__FM02_R01_Quench_Discharge_Sensitivity.csv,OFG_Engineering_Atlas_Rev0_FM02_Magnets_Cryogenics__FM02_R01_Quench_Discharge_Sensitivity.csv,csv,f2922566af1d39292b2ceea166becfda240f6b781474f65c90d114cec3faac31,314,5,OFG_Engineering_Atlas_Rev0_FM02_Magnets_Cryogeni,IMPORTED_CSV
ANNEX-0103,OFG_Engineering_Atlas_Final_Rev1/Controlled_Data/OFG_Engineering_Atlas_Rev0_FM02_Magnets_Cryogenics__FM02_R02_Cryogenic_Branch_Sensitivity.csv,OFG_Engineering_Atlas_Rev0_FM02_Magnets_Cryogenics__FM02_R02_Cryogenic_Branch_Sensitivity.csv,csv,22203626a36e0ec7181ff46df9dca4e3ef065437dd8b6833b649a99a41dab768,266,5,OFG_Engineering_Atlas_Rev0_FM02_Magnets_Cry_2,IMPORTED_CSV
ANNEX-0104,OFG_Engineering_Atlas_Final_Rev1/Controlled_Data/OFG_Engineering_Atlas_Rev0_FM02_Magnets_Cryogenics__FM02_R03_Feeder_Coordinates.csv,OFG_Engineering_Atlas_Rev0_FM02_Magnets_Cryogenics__FM02_R03_Feeder_Coordinates.csv,csv,bbf8db947d17d16b75d56950b17e2e742a9f2e5d87ed10bf0a4dbc34d3d75112,5248,48,OFG_Engineering_Atlas_Rev0_FM02_Magnets_Cry_3,IMPORTED_CSV
ANNEX-0105,OFG_Engineering_Atlas_Final_Rev1/Controlled_Data/OFG_Engineering_Atlas_Rev0_FM02_Magnets_Cryogenics__FM02_R04_FDU_Coordinates.csv,OFG_Engineering_Atlas_Rev0_FM02_Magnets_Cryogenics__FM02_R04_FDU_Coordinates.csv,csv,458621d6e505e799e52639775234ae9575c5f40455c7411ca7dc7690329e2d95,939,16,OFG_Engineering_Atlas_Rev0_FM02_Magnets_Cry_4,IMPORTED_CSV
ANNEX-0106,OFG_Engineering_Atlas_Final_Rev1/Controlled_Data/OFG_Engineering_Atlas_Rev0_FM02_Magnets_Cryogenics__FM02_R05_Verification_Matrix.csv,OFG_Engineering_Atlas_Rev0_FM02_Magnets_Cryogenics__FM02_R05_Verification_Matrix.csv,csv,13c07a854ecc85502247d5b698da8e7d1a638167b02b99f8428e3ee50cf78cca,1897,12,OFG_Engineering_Atlas_Rev0_FM02_Magnets_Cry_5,IMPORTED_CSV
ANNEX-0107,OFG_Engineering_Atlas_Final_Rev1/Controlled_Data/OFG_Engineering_Atlas_Rev0_FM02_Magnets_Cryogenics__FM02_R06_Interface_Graph.csv,OFG_Engineering_Atlas_Rev0_FM02_Magnets_Cryogenics__FM02_R06_Interface_Graph.csv,csv,d50481f021c9c4c935747d1c5d38f8ac5d6884885966a49269619c5e7ec8785b,3651,64,OFG_Engineering_Atlas_Rev0_FM02_Magnets_Cry_6,IMPORTED_CSV
ANNEX-0108,OFG_Engineering_Atlas_Final_Rev1/Controlled_Data/OFG_Engineering_Atlas_Rev0_FM02_Magnets_Cryogenics__FM02_R07_Backward_Propagation.csv,OFG_Engineering_Atlas_Rev0_FM02_Magnets_Cryogenics__FM02_R07_Backward_Propagation.csv,csv,bda6a9a296cde6e74b12030bcc8be3fe30826a65b1ec14b91242b0daca6e6619,631,3,OFG_Engineering_Atlas_Rev0_FM02_Magnets_Cry_7,IMPORTED_CSV
ANNEX-0109,OFG_Engineering_Atlas_Final_Rev1/Controlled_Data/OFG_Engineering_Atlas_Rev0_FM03_TF_Conductor_Quench__FM03_R01_Hotspot_Sensitivity.csv,OFG_Engineering_Atlas_Rev0_FM03_TF_Conductor_Quench__FM03_R01_Hotspot_Sensitivity.csv,csv,eda9e87ac584504416029d08db7137ecf410245dabaad64dfe28cb23e2e174ed,1718,36,OFG_Engineering_Atlas_Rev0_FM03_TF_Conductor_Que,IMPORTED_CSV
ANNEX-0110,OFG_Engineering_Atlas_Final_Rev1/Controlled_Data/OFG_Engineering_Atlas_Rev0_FM03_TF_Conductor_Quench__FM03_R02_Mutual_Inductance_Mode_Screen.csv,OFG_Engineering_Atlas_Rev0_FM03_TF_Conductor_Quench__FM03_R02_Mutual_Inductance_Mode_Screen.csv,csv,1a4faec2ba77b4482834a33f6b3abf2f5537a15e2a1b00bde45d9c36bb52aff2,225,3,OFG_Engineering_Atlas_Rev0_FM03_TF_Conducto_2,IMPORTED_CSV
ANNEX-0111,OFG_Engineering_Atlas_Final_Rev1/Controlled_Data/OFG_Engineering_Atlas_Rev0_FM03_TF_Conductor_Quench__FM03_R03_Discharge_Insulation_Screen.csv,OFG_Engineering_Atlas_Rev0_FM03_TF_Conductor_Quench__FM03_R03_Discharge_Insulation_Screen.csv,csv,9a25f08352766fc248d1eb67933a51446ed796049e5a17c32b49ac86e07cb93a,287,5,OFG_Engineering_Atlas_Rev0_FM03_TF_Conducto_3,IMPORTED_CSV
ANNEX-0112,OFG_Engineering_Atlas_Final_Rev1/Controlled_Data/OFG_Engineering_Atlas_Rev0_FM03_TF_Conductor_Quench__FM03_R04_CICC_Cooling_Screen.csv,OFG_Engineering_Atlas_Rev0_FM03_TF_Conductor_Quench__FM03_R04_CICC_Cooling_Screen.csv,csv,332c413b95e17f3278cf556c4e46afcdea5ca05b35768497dcac89c400656ddb,272,5,OFG_Engineering_Atlas_Rev0_FM03_TF_Conducto_4,IMPORTED_CSV
ANNEX-0113,OFG_Engineering_Atlas_Final_Rev1/Controlled_Data/OFG_Engineering_Atlas_Rev0_FM03_TF_Conductor_Quench__FM03_R05_Manufacturing_Digital_Thread.csv,OFG_Engineering_Atlas_Rev0_FM03_TF_Conductor_Quench__FM03_R05_Manufacturing_Digital_Thread.csv,csv,660fc4f721d5df45de39388273e05c7ebd53d8812808d2ebe852e959bfa5b0ed,931,9,OFG_Engineering_Atlas_Rev0_FM03_TF_Conducto_5,IMPORTED_CSV
ANNEX-0114,OFG_Engineering_Atlas_Final_Rev1/Controlled_Data/OFG_Engineering_Atlas_Rev0_FM03_TF_Conductor_Quench__FM03_R06_Verification_Matrix.csv,OFG_Engineering_Atlas_Rev0_FM03_TF_Conductor_Quench__FM03_R06_Verification_Matrix.csv,csv,4d56833b30d3d89692b879d6385e9fa4e1a2061b8394adec43af6fed8a569eb0,2080,12,OFG_Engineering_Atlas_Rev0_FM03_TF_Conducto_6,IMPORTED_CSV
ANNEX-0115,OFG_Engineering_Atlas_Final_Rev1/Controlled_Data/OFG_Engineering_Atlas_Rev0_FM03_TF_Conductor_Quench__FM03_R07_Information_Provenance_Flow.csv,OFG_Engineering_Atlas_Rev0_FM03_TF_Conductor_Quench__FM03_R07_Information_Provenance_Flow.csv,csv,953a68f33f3316fcb9278209d413ecfd6af58be8a628be69a0878f95dab8e411,1439,5,OFG_Engineering_Atlas_Rev0_FM03_TF_Conducto_7,IMPORTED_CSV
ANNEX-0116,OFG_Engineering_Atlas_Final_Rev1/Controlled_Data/OFG_Engineering_Atlas_Rev0_FM03_TF_Conductor_Quench__FM03_R08_Backward_Propagation.csv,OFG_Engineering_Atlas_Rev0_FM03_TF_Conductor_Quench__FM03_R08_Backward_Propagation.csv,csv,a422abbb9bb15c61166b1f25385ed1a273d078e8892c7584015cfa0a29c496fe,963,4,OFG_Engineering_Atlas_Rev0_FM03_TF_Conducto_8,IMPORTED_CSV
ANNEX-0117,OFG_Engineering_Atlas_Final_Rev1/Controlled_Data/OFG_Engineering_Atlas_Rev0_FM04_VV_Cryostat_Structures__FM04_R01_VV_Gravity_Support_Coordinates.csv,OFG_Engineering_Atlas_Rev0_FM04_VV_Cryostat_Structures__FM04_R01_VV_Gravity_Support_Coordinates.csv,csv,303a851a2388efc6501b0c8d4b7c862dba21b463fe409a68c836254f43f0a1d2,1412,16,OFG_Engineering_Atlas_Rev0_FM04_VV_Cryostat_Stru,IMPORTED_CSV
ANNEX-0118,OFG_Engineering_Atlas_Final_Rev1/Controlled_Data/OFG_Engineering_Atlas_Rev0_FM04_VV_Cryostat_Structures__FM04_R02_VV_Field_Joint_Ledger.csv,OFG_Engineering_Atlas_Rev0_FM04_VV_Cryostat_Structures__FM04_R02_VV_Field_Joint_Ledger.csv,csv,2ecef95cb99c2ce4643190b151affe6c8b60f0db4741d20c99c2e5f0fe6e1328,964,16,OFG_Engineering_Atlas_Rev0_FM04_VV_Cryostat_2,IMPORTED_CSV
ANNEX-0119,OFG_Engineering_Atlas_Final_Rev1/Controlled_Data/OFG_Engineering_Atlas_Rev0_FM04_VV_Cryostat_Structures__FM04_R03_Cryostat_Port_Area_Screen.csv,OFG_Engineering_Atlas_Rev0_FM04_VV_Cryostat_Structures__FM04_R03_Cryostat_Port_Area_Screen.csv,csv,526a051a5d106c96251e2fa48e20982fcc59a3baff0da08892e588cc0cdc8bd5,438,4,OFG_Engineering_Atlas_Rev0_FM04_VV_Cryostat_3,IMPORTED_CSV
ANNEX-0120,OFG_Engineering_Atlas_Final_Rev1/Controlled_Data/OFG_Engineering_Atlas_Rev0_FM04_VV_Cryostat_Structures__FM04_R04_Cryostat_Buckling_Sensitivity.csv,OFG_Engineering_Atlas_Rev0_FM04_VV_Cryostat_Structures__FM04_R04_Cryostat_Buckling_Sensitivity.csv,csv,35fa05ba21aa6df940703f357369e231f258df9a235904026c1c480cd9ce8231,319,6,OFG_Engineering_Atlas_Rev0_FM04_VV_Cryostat_4,IMPORTED_CSV
ANNEX-0121,OFG_Engineering_Atlas_Final_Rev1/Controlled_Data/OFG_Engineering_Atlas_Rev0_FM04_VV_Cryostat_Structures__FM04_R05_Support_Stiffness_Sensitivity.csv,OFG_Engineering_Atlas_Rev0_FM04_VV_Cryostat_Structures__FM04_R05_Support_Stiffness_Sensitivity.csv,csv,b405549610c1859356b27fe1511df33acf24d8c11309bd153f6a46d6abbe0c92,220,4,OFG_Engineering_Atlas_Rev0_FM04_VV_Cryostat_5,IMPORTED_CSV
ANNEX-0122,OFG_Engineering_Atlas_Final_Rev1/Controlled_Data/OFG_Engineering_Atlas_Rev0_FM04_VV_Cryostat_Structures__FM04_R06_Verification_Matrix.csv,OFG_Engineering_Atlas_Rev0_FM04_VV_Cryostat_Structures__FM04_R06_Verification_Matrix.csv,csv,840c1418244b567c1cb3f3a76e91282f1c91adf00fbf14eac4e63769f0c5d9ca,2092,12,OFG_Engineering_Atlas_Rev0_FM04_VV_Cryostat_6,IMPORTED_CSV
ANNEX-0123,OFG_Engineering_Atlas_Final_Rev1/Controlled_Data/OFG_Engineering_Atlas_Rev0_FM04_VV_Cryostat_Structures__FM04_R07_VV_Interspace_Functions.csv,OFG_Engineering_Atlas_Rev0_FM04_VV_Cryostat_Structures__FM04_R07_VV_Interspace_Functions.csv,csv,5d98802a45a62eb43c84d949eaec5a185ed866bab2ffc6dfd943edb88770df3a,439,5,OFG_Engineering_Atlas_Rev0_FM04_VV_Cryostat_7,IMPORTED_CSV
ANNEX-0124,OFG_Engineering_Atlas_Final_Rev1/Controlled_Data/OFG_Engineering_Atlas_Rev0_FM04_VV_Cryostat_Structures__FM04_R08_Information_Provenance.csv,OFG_Engineering_Atlas_Rev0_FM04_VV_Cryostat_Structures__FM04_R08_Information_Provenance.csv,csv,c7379d0b96b768b004cd11b1b67befffae8782d6ceb93a8122f2895370cc44e2,1498,5,OFG_Engineering_Atlas_Rev0_FM04_VV_Cryostat_8,IMPORTED_CSV
ANNEX-0125,OFG_Engineering_Atlas_Final_Rev1/Controlled_Data/OFG_Engineering_Atlas_Rev0_FM04_VV_Cryostat_Structures__FM04_R09_Backward_Propagation.csv,OFG_Engineering_Atlas_Rev0_FM04_VV_Cryostat_Structures__FM04_R09_Backward_Propagation.csv,csv,6b67fe829b18ce70d9647e47e9b74d5674e4e790c678c6e6d77b4e48542e3dfe,1125,5,OFG_Engineering_Atlas_Rev0_FM04_VV_Cryostat_9,IMPORTED_CSV
ANNEX-0126,OFG_Engineering_Atlas_Final_Rev1/Controlled_Data/OFG_Engineering_Atlas_Rev0_PHTS01_FM05_Primary_Heat_Structural_Loadpath__FM05_R01_Blanket_Segment_Loads.csv,OFG_Engineering_Atlas_Rev0_PHTS01_FM05_Primary_Heat_Structural_Loadpath__FM05_R01_Blanket_Segment_Loads.csv,csv,93c552fad4c5ba0be7b822499d7b384b4076cd7e05491fdded311e67817bc658,7697,80,OFG_Engineering_Atlas_Rev0_PHTS01_FM05_Primary_H,IMPORTED_CSV
ANNEX-0127,OFG_Engineering_Atlas_Final_Rev1/Controlled_Data/OFG_Engineering_Atlas_Rev0_PHTS01_FM05_Primary_Heat_Structural_Loadpath__FM05_R02_VV_Support_Stations.csv,OFG_Engineering_Atlas_Rev0_PHTS01_FM05_Primary_Heat_Structural_Loadpath__FM05_R02_VV_Support_Stations.csv,csv,23a206eb60d995ffb963a617802855bac58bb8b51f27af61d0413452f2da5345,1364,16,OFG_Engineering_Atlas_Rev0_PHTS01_FM05_Prim_2,IMPORTED_CSV
ANNEX-0128,OFG_Engineering_Atlas_Final_Rev1/Controlled_Data/OFG_Engineering_Atlas_Rev0_PHTS01_FM05_Primary_Heat_Structural_Loadpath__FM05_R03_Load_Path_Graph.csv,OFG_Engineering_Atlas_Rev0_PHTS01_FM05_Primary_Heat_Structural_Loadpath__FM05_R03_Load_Path_Graph.csv,csv,04bcce9ecdff00d70dd9c661219d28d7ffe98fdd657aa79a8997f0088e05889d,1037,10,OFG_Engineering_Atlas_Rev0_PHTS01_FM05_Prim_3,IMPORTED_CSV
ANNEX-0129,OFG_Engineering_Atlas_Final_Rev1/Controlled_Data/OFG_Engineering_Atlas_Rev0_PHTS01_FM05_Primary_Heat_Structural_Loadpath__FM05_R04_Load_Case_Register.csv,OFG_Engineering_Atlas_Rev0_PHTS01_FM05_Primary_Heat_Structural_Loadpath__FM05_R04_Load_Case_Register.csv,csv,51a6f67b79a13410d47c96c720f19783d811bfec7d983ddda112256c2d797738,965,10,OFG_Engineering_Atlas_Rev0_PHTS01_FM05_Prim_4,IMPORTED_CSV
ANNEX-0130,OFG_Engineering_Atlas_Final_Rev1/Controlled_Data/OFG_Engineering_Atlas_Rev0_PHTS01_FM05_Primary_Heat_Structural_Loadpath__PHTS01_FM05_R05_Research_Register.csv,OFG_Engineering_Atlas_Rev0_PHTS01_FM05_Primary_Heat_Structural_Loadpath__PHTS01_FM05_R05_Research_Register.csv,csv,cc554b546e396dd10bdc2ad2fc541534f69ed840def21f74553443e0e08545a8,1982,10,OFG_Engineering_Atlas_Rev0_PHTS01_FM05_Prim_5,IMPORTED_CSV
ANNEX-0131,OFG_Engineering_Atlas_Final_Rev1/Controlled_Data/OFG_Engineering_Atlas_Rev0_PHTS01_FM05_Primary_Heat_Structural_Loadpath__PHTS01_FM05_R06_Information_Provenance.csv,OFG_Engineering_Atlas_Rev0_PHTS01_FM05_Primary_Heat_Structural_Loadpath__PHTS01_FM05_R06_Information_Provenance.csv,csv,962c11ca040aadca9bace7de2e20e61adeaa588ec2804df602f033dd72ce67d2,1612,6,OFG_Engineering_Atlas_Rev0_PHTS01_FM05_Prim_6,IMPORTED_CSV
ANNEX-0132,OFG_Engineering_Atlas_Final_Rev1/Controlled_Data/OFG_Engineering_Atlas_Rev0_PHTS01_FM05_Primary_Heat_Structural_Loadpath__PHTS01_FM05_R07_Backward_Propagation.csv,OFG_Engineering_Atlas_Rev0_PHTS01_FM05_Primary_Heat_Structural_Loadpath__PHTS01_FM05_R07_Backward_Propagation.csv,csv,c4d5e4aba4220e1861468c1b87647b549fc845aa7677ee026a207ba993fa84d9,1697,7,OFG_Engineering_Atlas_Rev0_PHTS01_FM05_Prim_7,IMPORTED_CSV
ANNEX-0133,OFG_Engineering_Atlas_Final_Rev1/Controlled_Data/OFG_Engineering_Atlas_Rev0_PHTS01_FM05_Primary_Heat_Structural_Loadpath__PHTS01_FM05_R08_Canon_Decision_Conflict.csv,OFG_Engineering_Atlas_Rev0_PHTS01_FM05_Primary_Heat_Structural_Loadpath__PHTS01_FM05_R08_Canon_Decision_Conflict.csv,csv,62e94073ae67b1d55b110ced822aa90191ded6cf40b9b3dcd2740f7ababd1c84,1255,6,OFG_Engineering_Atlas_Rev0_PHTS01_FM05_Prim_8,IMPORTED_CSV
ANNEX-0134,OFG_Engineering_Atlas_Final_Rev1/Controlled_Data/OFG_Engineering_Atlas_Rev0_PHTS01_FM05_Primary_Heat_Structural_Loadpath__PHTS01_FM05_R09_Verification.csv,OFG_Engineering_Atlas_Rev0_PHTS01_FM05_Primary_Heat_Structural_Loadpath__PHTS01_FM05_R09_Verification.csv,csv,9fe42ca52e41c1003ddc0bc49132b98649c18b78a8feaac96075c0d8fb871f50,1391,12,OFG_Engineering_Atlas_Rev0_PHTS01_FM05_Prim_9,IMPORTED_CSV
ANNEX-0135,OFG_Engineering_Atlas_Final_Rev1/Controlled_Data/OFG_Engineering_Atlas_Rev0_PHTS01_FM05_Primary_Heat_Structural_Loadpath__PHTS01_R01_Functional_Breakdown.csv,OFG_Engineering_Atlas_Rev0_PHTS01_FM05_Primary_Heat_Structural_Loadpath__PHTS01_R01_Functional_Breakdown.csv,csv,105bfed0c57d9486d3ea063370654c967443eea714d28132ee1027cb0c18de71,1622,12,OFG_Engineering_Atlas_Rev0_PHTS01_FM05_Prim_10,IMPORTED_CSV
ANNEX-0136,OFG_Engineering_Atlas_Final_Rev1/Controlled_Data/OFG_Engineering_Atlas_Rev0_PHTS01_FM05_Primary_Heat_Structural_Loadpath__PHTS01_R02_Main_Pipe_Sizing.csv,OFG_Engineering_Atlas_Rev0_PHTS01_FM05_Primary_Heat_Structural_Loadpath__PHTS01_R02_Main_Pipe_Sizing.csv,csv,2c33874eed54fc5e022bb9a3dd6252c6569d885ddd16011328135cdf114a932e,300,5,OFG_Engineering_Atlas_Rev0_PHTS01_FM05_Prim_11,IMPORTED_CSV
ANNEX-0137,OFG_Engineering_Atlas_Final_Rev1/Controlled_Data/OFG_Engineering_Atlas_Rev0_PHTS01_FM05_Primary_Heat_Structural_Loadpath__PHTS01_R03_Pump_Power_Sensitivity.csv,OFG_Engineering_Atlas_Rev0_PHTS01_FM05_Primary_Heat_Structural_Loadpath__PHTS01_R03_Pump_Power_Sensitivity.csv,csv,4d29366e93b02915df3196043071e7cf9549802016c54679dfbad7cbbd14aec9,247,5,OFG_Engineering_Atlas_Rev0_PHTS01_FM05_Prim_12,IMPORTED_CSV
ANNEX-0138,OFG_Engineering_Atlas_Final_Rev1/Controlled_Data/OFG_Engineering_Atlas_Rev0_PHTS01_FM05_Primary_Heat_Structural_Loadpath__PHTS01_R04_Thermal_Expansion.csv,OFG_Engineering_Atlas_Rev0_PHTS01_FM05_Primary_Heat_Structural_Loadpath__PHTS01_R04_Thermal_Expansion.csv,csv,115329e2610f3a6a3a786b1d53c1a3f6adbf9a360f10847646ec7025c5666cbf,306,12,OFG_Engineering_Atlas_Rev0_PHTS01_FM05_Prim_13,IMPORTED_CSV
ANNEX-0139,OFG_Engineering_Atlas_Final_Rev1/Controlled_Data/OFG_Engineering_Atlas_Rev0_PHTS01_FM05_Primary_Heat_Structural_Loadpath__PHTS01_R05_Primary_Inventory.csv,OFG_Engineering_Atlas_Rev0_PHTS01_FM05_Primary_Heat_Structural_Loadpath__PHTS01_R05_Primary_Inventory.csv,csv,c63e8694f4c7603c9ac63639b9c40db02e329bf36f74e34eefb5f8eccc30c0a9,364,3,OFG_Engineering_Atlas_Rev0_PHTS01_FM05_Prim_14,IMPORTED_CSV
ANNEX-0140,OFG_Engineering_Atlas_Final_Rev1/Controlled_Data/OFG_Engineering_Atlas_Rev0_PHTS01_FM05_Primary_Heat_Structural_Loadpath__PHTS01_R06_Pressurizer_Surge_Sensitivity.csv,OFG_Engineering_Atlas_Rev0_PHTS01_FM05_Primary_Heat_Structural_Loadpath__PHTS01_R06_Pressurizer_Surge_Sensitivity.csv,csv,c3d97abd202e32a97ff409a205f8c7673703ba232af4cec63cb26bcaa323b0fc,140,4,OFG_Engineering_Atlas_Rev0_PHTS01_FM05_Prim_15,IMPORTED_CSV
ANNEX-0141,OFG_Engineering_Atlas_Final_Rev1/Controlled_Data/OFG_Engineering_Atlas_Rev0_PHTS01_FM05_Primary_Heat_Structural_Loadpath__PHTS01_R07_HX_Duty_Sensitivity.csv,OFG_Engineering_Atlas_Rev0_PHTS01_FM05_Primary_Heat_Structural_Loadpath__PHTS01_R07_HX_Duty_Sensitivity.csv,csv,49a3eba1319a6e7b258be6faa907e302db21380882a67118e4e1104d406503d1,56,3,OFG_Engineering_Atlas_Rev0_PHTS01_FM05_Prim_16,IMPORTED_CSV
ANNEX-0142,OFG_Engineering_Atlas_Final_Rev1/Controlled_Data/OFG_Engineering_Atlas_Rev0_PHTS02_FM06_SITESEIS01__FM06_R01_Stiffness_Support_Reactions.csv,OFG_Engineering_Atlas_Rev0_PHTS02_FM06_SITESEIS01__FM06_R01_Stiffness_Support_Reactions.csv,csv,7f6a2c46a3abb6b3de5022c05e934f70510a9120e82651b772019574fcf78f1b,1149,16,OFG_Engineering_Atlas_Rev0_PHTS02_FM06_SITESEIS0,IMPORTED_CSV
ANNEX-0143,OFG_Engineering_Atlas_Final_Rev1/Controlled_Data/OFG_Engineering_Atlas_Rev0_PHTS02_FM06_SITESEIS01__PHTS02_FM06_SITE_R05_Backward_Propagation.csv,OFG_Engineering_Atlas_Rev0_PHTS02_FM06_SITESEIS01__PHTS02_FM06_SITE_R05_Backward_Propagation.csv,csv,8e829cdb853df989036ac19e223159d79bf7ea749cf2a18219ca731d3a921442,1396,6,OFG_Engineering_Atlas_Rev0_PHTS02_FM06_SITE_2,IMPORTED_CSV
ANNEX-0144,OFG_Engineering_Atlas_Final_Rev1/Controlled_Data/OFG_Engineering_Atlas_Rev0_PHTS02_FM06_SITESEIS01__PHTS02_FM06_SITE_R06_Decision_Register.csv,OFG_Engineering_Atlas_Rev0_PHTS02_FM06_SITESEIS01__PHTS02_FM06_SITE_R06_Decision_Register.csv,csv,5e5def2a4e6f3a7b1c5fc6598e3fdd1a25c3aeb3b39d67fce06ecff752b24e7e,859,6,OFG_Engineering_Atlas_Rev0_PHTS02_FM06_SITE_3,IMPORTED_CSV
ANNEX-0145,OFG_Engineering_Atlas_Final_Rev1/Controlled_Data/OFG_Engineering_Atlas_Rev0_PHTS02_FM06_SITESEIS01__PHTS02_FM06_SITE_R07_Verification.csv,OFG_Engineering_Atlas_Rev0_PHTS02_FM06_SITESEIS01__PHTS02_FM06_SITE_R07_Verification.csv,csv,5698025153dde30709a9e91bb5880de1e262d6787ae0bae7ea18dca67f3d3227,966,8,OFG_Engineering_Atlas_Rev0_PHTS02_FM06_SITE_4,IMPORTED_CSV
ANNEX-0146,OFG_Engineering_Atlas_Final_Rev1/Controlled_Data/OFG_Engineering_Atlas_Rev0_PHTS02_FM06_SITESEIS01__PHTS02_R01_Equipment_Register.csv,OFG_Engineering_Atlas_Rev0_PHTS02_FM06_SITESEIS01__PHTS02_R01_Equipment_Register.csv,csv,0a7d10910e8d75b7e6bc8de2f0e1d2f0a0eb16c6af3581afbbe92203d698018f,973,11,OFG_Engineering_Atlas_Rev0_PHTS02_FM06_SITE_5,IMPORTED_CSV
ANNEX-0147,OFG_Engineering_Atlas_Final_Rev1/Controlled_Data/OFG_Engineering_Atlas_Rev0_PHTS02_FM06_SITESEIS01__PHTS02_R02_Nodes.csv,OFG_Engineering_Atlas_Rev0_PHTS02_FM06_SITESEIS01__PHTS02_R02_Nodes.csv,csv,0ca56e22588899a8e1ea63cb147520346d4d7a745fda73c9d62a3f51da42b109,3163,128,OFG_Engineering_Atlas_Rev0_PHTS02_FM06_SITE_6,IMPORTED_CSV
ANNEX-0148,OFG_Engineering_Atlas_Final_Rev1/Controlled_Data/OFG_Engineering_Atlas_Rev0_PHTS02_FM06_SITESEIS01__PHTS02_R03_Connections.csv,OFG_Engineering_Atlas_Rev0_PHTS02_FM06_SITESEIS01__PHTS02_R03_Connections.csv,csv,f28ae6ccb15193b93de20648e9bd349a21f7e1c4e7d1152dab36e39a56187d9a,6701,204,OFG_Engineering_Atlas_Rev0_PHTS02_FM06_SITE_7,IMPORTED_CSV
ANNEX-0149,OFG_Engineering_Atlas_Final_Rev1/Controlled_Data/OFG_Engineering_Atlas_Rev0_PHTS02_FM06_SITESEIS01__PHTS02_R04_Steady_Hydraulic_Screen.csv,OFG_Engineering_Atlas_Rev0_PHTS02_FM06_SITESEIS01__PHTS02_R04_Steady_Hydraulic_Screen.csv,csv,27a62ea6db6a68f91bc45ad26b16bdcbd0524fe60fc7939833d4b21213c3a0eb,917,14,OFG_Engineering_Atlas_Rev0_PHTS02_FM06_SITE_8,IMPORTED_CSV
ANNEX-0150,OFG_Engineering_Atlas_Final_Rev1/Controlled_Data/OFG_Engineering_Atlas_Rev0_PHTS02_FM06_SITESEIS01__PHTS02_R05_Pump_Trip_Transient.csv,OFG_Engineering_Atlas_Rev0_PHTS02_FM06_SITESEIS01__PHTS02_R05_Pump_Trip_Transient.csv,csv,1baed71db99591eaec3e51e95ecd62e1bb7c61aa50fc8657c496dd38c7b2d079,14053,241,OFG_Engineering_Atlas_Rev0_PHTS02_FM06_SITE_9,IMPORTED_CSV
ANNEX-0151,OFG_Engineering_Atlas_Final_Rev1/Controlled_Data/OFG_Engineering_Atlas_Rev0_PHTS02_FM06_SITESEIS01__PHTS02_R06_Waterhammer_Screen.csv,OFG_Engineering_Atlas_Rev0_PHTS02_FM06_SITESEIS01__PHTS02_R06_Waterhammer_Screen.csv,csv,37229e7364151f08f37f808653b806eb0663b03945036f804124e170e9c50f49,122,3,OFG_Engineering_Atlas_Rev0_PHTS02_FM06_SITE_10,IMPORTED_CSV
ANNEX-0152,OFG_Engineering_Atlas_Final_Rev1/Controlled_Data/OFG_Engineering_Atlas_Rev0_PHTS02_FM06_SITESEIS01__SITESEIS01_R01_Stratigraphy.csv,OFG_Engineering_Atlas_Rev0_PHTS02_FM06_SITESEIS01__SITESEIS01_R01_Stratigraphy.csv,csv,c41c283066f697e9656cc22325fe34f81abb03d7b2fec9b876c094137f4756b3,837,5,OFG_Engineering_Atlas_Rev0_PHTS02_FM06_SITE_11,IMPORTED_CSV
ANNEX-0153,OFG_Engineering_Atlas_Final_Rev1/Controlled_Data/OFG_Engineering_Atlas_Rev0_PHTS02_FM06_SITESEIS01__SITESEIS01_R02_Constraints.csv,OFG_Engineering_Atlas_Rev0_PHTS02_FM06_SITESEIS01__SITESEIS01_R02_Constraints.csv,csv,b6f4b68be0c4e3dfdf70148705e6a6c10918d15fe5472c05ac64db3c8d4620ae,1224,8,OFG_Engineering_Atlas_Rev0_PHTS02_FM06_SITE_12,IMPORTED_CSV
ANNEX-0154,OFG_Engineering_Atlas_Final_Rev1/Controlled_Data/OFG_Engineering_Atlas_Rev0_PHTS02_FM06_SITESEIS01__SITESEIS01_R03_Foundation_Coordinates.csv,OFG_Engineering_Atlas_Rev0_PHTS02_FM06_SITESEIS01__SITESEIS01_R03_Foundation_Coordinates.csv,csv,0e74e438fa25df05c93b810687033dfc9899a30fcd06d2088372c71a96b92106,355,4,OFG_Engineering_Atlas_Rev0_PHTS02_FM06_SITE_13,IMPORTED_CSV
ANNEX-0155,OFG_Engineering_Atlas_Final_Rev1/Controlled_Data/OFG_Engineering_Atlas_Rev0_PHTS02_FM06_SITESEIS01__SITESEIS01_R04_SSI_Sensitivity.csv,OFG_Engineering_Atlas_Rev0_PHTS02_FM06_SITESEIS01__SITESEIS01_R04_SSI_Sensitivity.csv,csv,65fc408922e604c9fce75189c3d9f1c9a96f5f76f40bb20dbe993fe7bf23dd64,377,5,OFG_Engineering_Atlas_Rev0_PHTS02_FM06_SITE_14,IMPORTED_CSV
ANNEX-0156,OFG_Engineering_Atlas_Final_Rev1/Controlled_Data/OFG_Engineering_Atlas_Rev0_PHTS03_FM07_SITE02__FM07_R01_SSI_Stiffness_Sensitivity.csv,OFG_Engineering_Atlas_Rev0_PHTS03_FM07_SITE02__FM07_R01_SSI_Stiffness_Sensitivity.csv,csv,2127f7aaaa99a3fb5a4586fc3c66b57e9119aed4d55f56bf5081b44fe8bdc89f,440,4,OFG_Engineering_Atlas_Rev0_PHTS03_FM07_SITE02__F,IMPORTED_CSV
ANNEX-0157,OFG_Engineering_Atlas_Final_Rev1/Controlled_Data/OFG_Engineering_Atlas_Rev0_PHTS03_FM07_SITE02__FM07_R02_Thermal_Expansion.csv,OFG_Engineering_Atlas_Rev0_PHTS03_FM07_SITE02__FM07_R02_Thermal_Expansion.csv,csv,ac017f233f6f4e7e20ab66ce7b223f712effcc65d2747f774deb9107b51a159f,129,4,OFG_Engineering_Atlas_Rev0_PHTS03_FM07_SITE_2,IMPORTED_CSV
ANNEX-0158,OFG_Engineering_Atlas_Final_Rev1/Controlled_Data/OFG_Engineering_Atlas_Rev0_PHTS03_FM07_SITE02__PHTS03_FM07_SITE02_R07_Research.csv,OFG_Engineering_Atlas_Rev0_PHTS03_FM07_SITE02__PHTS03_FM07_SITE02_R07_Research.csv,csv,e860a2c8fd65fd008e6bfd09d03f980d5e9cc9476a03ee23ad0cc343d47238e4,951,5,OFG_Engineering_Atlas_Rev0_PHTS03_FM07_SITE02__P,IMPORTED_CSV
ANNEX-0159,OFG_Engineering_Atlas_Final_Rev1/Controlled_Data/OFG_Engineering_Atlas_Rev0_PHTS03_FM07_SITE02__PHTS03_FM07_SITE02_R08_Backward_Propagation.csv,OFG_Engineering_Atlas_Rev0_PHTS03_FM07_SITE02__PHTS03_FM07_SITE02_R08_Backward_Propagation.csv,csv,8c8469eb269987ad565efcabab75e2923da55d84d593a6c61e3e4bf012d415c7,1111,5,OFG_Engineering_Atlas_Rev0_PHTS03_FM07_SITE_3,IMPORTED_CSV
ANNEX-0160,OFG_Engineering_Atlas_Final_Rev1/Controlled_Data/OFG_Engineering_Atlas_Rev0_PHTS03_FM07_SITE02__PHTS03_FM07_SITE02_R09_Decisions.csv,OFG_Engineering_Atlas_Rev0_PHTS03_FM07_SITE02__PHTS03_FM07_SITE02_R09_Decisions.csv,csv,7d8545a671a344031ba725bd675ee7fa5d514164a42385ce5ba76972fe8f9295,761,5,OFG_Engineering_Atlas_Rev0_PHTS03_FM07_SITE_4,IMPORTED_CSV
ANNEX-0161,OFG_Engineering_Atlas_Final_Rev1/Controlled_Data/OFG_Engineering_Atlas_Rev0_PHTS03_FM07_SITE02__PHTS03_FM07_SITE02_R10_Verification.csv,OFG_Engineering_Atlas_Rev0_PHTS03_FM07_SITE02__PHTS03_FM07_SITE02_R10_Verification.csv,csv,43960aa7978b8ecf086896b44bebe06a12209a5bfc34574a3696efeb703788fc,772,6,OFG_Engineering_Atlas_Rev0_PHTS03_FM07_SITE_5,IMPORTED_CSV
ANNEX-0162,OFG_Engineering_Atlas_Final_Rev1/Controlled_Data/OFG_Engineering_Atlas_Rev0_PHTS03_FM07_SITE02__PHTS03_R01_Component_Hydraulics.csv,OFG_Engineering_Atlas_Rev0_PHTS03_FM07_SITE02__PHTS03_R01_Component_Hydraulics.csv,csv,186283bfc8a69c67eed4de0d1d7cd7729a3e1b15354f6572e4ad60a2170e10e1,1106,8,OFG_Engineering_Atlas_Rev0_PHTS03_FM07_SITE_6,IMPORTED_CSV
ANNEX-0163,OFG_Engineering_Atlas_Final_Rev1/Controlled_Data/OFG_Engineering_Atlas_Rev0_PHTS03_FM07_SITE02__PHTS03_R02_Pump_Curve.csv,OFG_Engineering_Atlas_Rev0_PHTS03_FM07_SITE02__PHTS03_R02_Pump_Curve.csv,csv,ba393ae4de780146bb71ecf3d6a7da9cb3384accc08bb06548ce7c40f3766940,1587,26,OFG_Engineering_Atlas_Rev0_PHTS03_FM07_SITE_7,IMPORTED_CSV
ANNEX-0164,OFG_Engineering_Atlas_Final_Rev1/Controlled_Data/OFG_Engineering_Atlas_Rev0_PHTS03_FM07_SITE02__PHTS03_R03_NPSH_Margin_Screen.csv,OFG_Engineering_Atlas_Rev0_PHTS03_FM07_SITE02__PHTS03_R03_NPSH_Margin_Screen.csv,csv,fb8e8f1a2f7f28006da6b9d6baaaab2832692deaba57d5ac6b1512d427f90664,465,16,OFG_Engineering_Atlas_Rev0_PHTS03_FM07_SITE_8,IMPORTED_CSV
ANNEX-0165,OFG_Engineering_Atlas_Final_Rev1/Controlled_Data/OFG_Engineering_Atlas_Rev0_PHTS03_FM07_SITE02__PHTS03_R04_Valve_Closure_Waterhammer.csv,OFG_Engineering_Atlas_Rev0_PHTS03_FM07_SITE02__PHTS03_R04_Valve_Closure_Waterhammer.csv,csv,2e1a293e0c61c0cc45c37fd9f2993a68eafbd2b2c72faa1b171c76399b8f2e6a,394,7,OFG_Engineering_Atlas_Rev0_PHTS03_FM07_SITE_9,IMPORTED_CSV
ANNEX-0166,OFG_Engineering_Atlas_Final_Rev1/Controlled_Data/OFG_Engineering_Atlas_Rev0_PHTS03_FM07_SITE02__PHTS03_R05_Pressurizer_Surge.csv,OFG_Engineering_Atlas_Rev0_PHTS03_FM07_SITE02__PHTS03_R05_Pressurizer_Surge.csv,csv,cafb3c6ae4e90809a9a2093d3d90155f57efe7790cf128ed78b32e538d599bc8,183,5,OFG_Engineering_Atlas_Rev0_PHTS03_FM07_SITE_10,IMPORTED_CSV
ANNEX-0167,OFG_Engineering_Atlas_Final_Rev1/Controlled_Data/OFG_Engineering_Atlas_Rev0_PHTS03_FM07_SITE02__SITE02_R01_Borehole_Plan.csv,OFG_Engineering_Atlas_Rev0_PHTS03_FM07_SITE02__SITE02_R01_Borehole_Plan.csv,csv,0065bee6de5ffcc83026640a0623cb567cd11fcccdc2f8083b80bc18425a6ab7,2256,25,OFG_Engineering_Atlas_Rev0_PHTS03_FM07_SITE02__S,IMPORTED_CSV
ANNEX-0168,OFG_Engineering_Atlas_Final_Rev1/Controlled_Data/OFG_Engineering_Atlas_Rev0_PHTS03_FM07_SITE02__SITE02_R02_CPT_Plan.csv,OFG_Engineering_Atlas_Rev0_PHTS03_FM07_SITE02__SITE02_R02_CPT_Plan.csv,csv,236e56fb91b83c9b346066c968b29527843f71bf638e48b32a5a6076202792e6,518,12,OFG_Engineering_Atlas_Rev0_PHTS03_FM07_SITE_11,IMPORTED_CSV
ANNEX-0169,OFG_Engineering_Atlas_Final_Rev1/Controlled_Data/OFG_Engineering_Atlas_Rev0_PHTS03_FM07_SITE02__SITE02_R03_Geophysics.csv,OFG_Engineering_Atlas_Rev0_PHTS03_FM07_SITE02__SITE02_R03_Geophysics.csv,csv,46ec00a6f3b1fb309fc1b9fbf90dbb1d79c162cb524867c922b58956682127ac,253,6,OFG_Engineering_Atlas_Rev0_PHTS03_FM07_SITE_12,IMPORTED_CSV
ANNEX-0170,OFG_Engineering_Atlas_Final_Rev1/Controlled_Data/OFG_Engineering_Atlas_Rev0_PHTS03_FM07_SITE02__SITE02_R04_Piezometers.csv,OFG_Engineering_Atlas_Rev0_PHTS03_FM07_SITE02__SITE02_R04_Piezometers.csv,csv,57198d4cd4c74554ac606e8d907e7168beef80ceb77f01cb5f149acbe30da28a,156,5,OFG_Engineering_Atlas_Rev0_PHTS03_FM07_SITE_13,IMPORTED_CSV
ANNEX-0171,OFG_Engineering_Atlas_Final_Rev1/Controlled_Data/OFG_Engineering_Atlas_Rev0_PHTS03_FM07_SITE02__SITE02_R05_Excavation_Sensitivity.csv,OFG_Engineering_Atlas_Rev0_PHTS03_FM07_SITE02__SITE02_R05_Excavation_Sensitivity.csv,csv,bc1873ea535a47d6a149655fc1810b7fc938c812aa494ccbfad4f08e9ade74fb,115,4,OFG_Engineering_Atlas_Rev0_PHTS03_FM07_SITE_14,IMPORTED_CSV
ANNEX-0172,OFG_Engineering_Atlas_Final_Rev1/Controlled_Data/OFG_Engineering_Atlas_Rev0_PHTS03_FM07_SITE02__SITE02_R06_Construction_Holdpoints.csv,OFG_Engineering_Atlas_Rev0_PHTS03_FM07_SITE02__SITE02_R06_Construction_Holdpoints.csv,csv,4be2d65f39f2ed392a09b9a3b97c7a86e9629fc8fb74f055ea6dadbbada9142a,1048,7,OFG_Engineering_Atlas_Rev0_PHTS03_FM07_SITE_15,IMPORTED_CSV
ANNEX-0173,OFG_Engineering_Atlas_Final_Rev1/Controlled_Data/OFG_Engineering_Atlas_Rev0_PHTS04_FM08_SITE03__FM08_R01_FE_Mesh_Spec.csv,OFG_Engineering_Atlas_Rev0_PHTS04_FM08_SITE03__FM08_R01_FE_Mesh_Spec.csv,csv,efb0f76a92eeee46f5d5097d28291cf63b58ccd6403b7b1057b425f12bbd23ec,551,6,OFG_Engineering_Atlas_Rev0_PHTS04_FM08_SITE03__F,IMPORTED_CSV
ANNEX-0174,OFG_Engineering_Atlas_Final_Rev1/Controlled_Data/OFG_Engineering_Atlas_Rev0_PHTS04_FM08_SITE03__FM08_R02_Reduced_Modes.csv,OFG_Engineering_Atlas_Rev0_PHTS04_FM08_SITE03__FM08_R02_Reduced_Modes.csv,csv,580e9733862727c1736e179a3912378b1713e4c7b7df5c9a4bbabdd713bb7742,445,10,OFG_Engineering_Atlas_Rev0_PHTS04_FM08_SITE_2,IMPORTED_CSV
ANNEX-0175,OFG_Engineering_Atlas_Final_Rev1/Controlled_Data/OFG_Engineering_Atlas_Rev0_PHTS04_FM08_SITE03__FM08_R03_SSI_Impedance_Screen.csv,OFG_Engineering_Atlas_Rev0_PHTS04_FM08_SITE03__FM08_R03_SSI_Impedance_Screen.csv,csv,064ee4ef1357ab52ca7a5c20892eaa1e138156daeac2ab6b7e032fece96fe470,1133,18,OFG_Engineering_Atlas_Rev0_PHTS04_FM08_SITE_3,IMPORTED_CSV
ANNEX-0176,OFG_Engineering_Atlas_Final_Rev1/Controlled_Data/OFG_Engineering_Atlas_Rev0_PHTS04_FM08_SITE03__PHTS04_FM08_SITE03_R08_Research.csv,OFG_Engineering_Atlas_Rev0_PHTS04_FM08_SITE03__PHTS04_FM08_SITE03_R08_Research.csv,csv,012ae7ebf5e1f1c034fbdb55f14629b0e0bc73a7b24cff9d641b565104895579,1317,7,OFG_Engineering_Atlas_Rev0_PHTS04_FM08_SITE03__P,IMPORTED_CSV
ANNEX-0177,OFG_Engineering_Atlas_Final_Rev1/Controlled_Data/OFG_Engineering_Atlas_Rev0_PHTS04_FM08_SITE03__PHTS04_FM08_SITE03_R09_Information_Provenance.csv,OFG_Engineering_Atlas_Rev0_PHTS04_FM08_SITE03__PHTS04_FM08_SITE03_R09_Information_Provenance.csv,csv,a78bc7f259c066a208ce865e718ea4a9d5eb8c1f8a7960f0576de5411e999f2d,1062,4,OFG_Engineering_Atlas_Rev0_PHTS04_FM08_SITE_4,IMPORTED_CSV
ANNEX-0178,OFG_Engineering_Atlas_Final_Rev1/Controlled_Data/OFG_Engineering_Atlas_Rev0_PHTS04_FM08_SITE03__PHTS04_FM08_SITE03_R10_Backward_Propagation.csv,OFG_Engineering_Atlas_Rev0_PHTS04_FM08_SITE03__PHTS04_FM08_SITE03_R10_Backward_Propagation.csv,csv,0afd3d923d26db06fb79466788dbdd1a48c4577e6baf3da818bf8b68f2f9a2fe,1081,5,OFG_Engineering_Atlas_Rev0_PHTS04_FM08_SITE_5,IMPORTED_CSV
ANNEX-0179,OFG_Engineering_Atlas_Final_Rev1/Controlled_Data/OFG_Engineering_Atlas_Rev0_PHTS04_FM08_SITE03__PHTS04_FM08_SITE03_R11_Decisions.csv,OFG_Engineering_Atlas_Rev0_PHTS04_FM08_SITE03__PHTS04_FM08_SITE03_R11_Decisions.csv,csv,ef7b90d83656d5e81275a1c604f6baa3cb65d34a5c6810464973966b714c643e,742,5,OFG_Engineering_Atlas_Rev0_PHTS04_FM08_SITE_6,IMPORTED_CSV
ANNEX-0180,OFG_Engineering_Atlas_Final_Rev1/Controlled_Data/OFG_Engineering_Atlas_Rev0_PHTS04_FM08_SITE03__PHTS04_FM08_SITE03_R12_Verification.csv,OFG_Engineering_Atlas_Rev0_PHTS04_FM08_SITE03__PHTS04_FM08_SITE03_R12_Verification.csv,csv,336c88d357f07b8a493124880180698ce551f0e0f3e6dd8cd8866770c0a0e59c,896,7,OFG_Engineering_Atlas_Rev0_PHTS04_FM08_SITE_7,IMPORTED_CSV
ANNEX-0181,OFG_Engineering_Atlas_Final_Rev1/Controlled_Data/OFG_Engineering_Atlas_Rev0_PHTS04_FM08_SITE03__PHTS04_R01_80_Segment_Branch_Hydraulics.csv,OFG_Engineering_Atlas_Rev0_PHTS04_FM08_SITE03__PHTS04_R01_80_Segment_Branch_Hydraulics.csv,csv,48a2e9f63e118d97442306bfa66835806eef33af033fbc5f0af63306dc19932e,10860,80,OFG_Engineering_Atlas_Rev0_PHTS04_FM08_SITE_8,IMPORTED_CSV
ANNEX-0182,OFG_Engineering_Atlas_Final_Rev1/Controlled_Data/OFG_Engineering_Atlas_Rev0_PHTS04_FM08_SITE03__PHTS04_R02_State_Machine.csv,OFG_Engineering_Atlas_Rev0_PHTS04_FM08_SITE03__PHTS04_R02_State_Machine.csv,csv,608aff2f56b914fd4d1879a78c4f59b548e8c04115b2deb6229760a992e12103,983,9,OFG_Engineering_Atlas_Rev0_PHTS04_FM08_SITE_9,IMPORTED_CSV
ANNEX-0183,OFG_Engineering_Atlas_Final_Rev1/Controlled_Data/OFG_Engineering_Atlas_Rev0_PHTS04_FM08_SITE03__PHTS04_R03_State_Transitions.csv,OFG_Engineering_Atlas_Rev0_PHTS04_FM08_SITE03__PHTS04_R03_State_Transitions.csv,csv,d409382ea14220d6aecbc62ddc3ee19f815b273e8303d7f2918091efa39da191,835,10,OFG_Engineering_Atlas_Rev0_PHTS04_FM08_SITE_10,IMPORTED_CSV
ANNEX-0184,OFG_Engineering_Atlas_Final_Rev1/Controlled_Data/OFG_Engineering_Atlas_Rev0_PHTS04_FM08_SITE03__PHTS04_R04_Instrumentation.csv,OFG_Engineering_Atlas_Rev0_PHTS04_FM08_SITE03__PHTS04_R04_Instrumentation.csv,csv,6c699cb37d5b82fce54caba91d3a793dc8f236decdde20b5165207fe6361672b,679,8,OFG_Engineering_Atlas_Rev0_PHTS04_FM08_SITE_11,IMPORTED_CSV
ANNEX-0185,OFG_Engineering_Atlas_Final_Rev1/Controlled_Data/OFG_Engineering_Atlas_Rev0_PHTS04_FM08_SITE03__SITE03_R01_Stratigraphic_Solids.csv,OFG_Engineering_Atlas_Rev0_PHTS04_FM08_SITE03__SITE03_R01_Stratigraphic_Solids.csv,csv,f79aa041cb8f673849265fcaf2f5d15e82db9e114d13ca7dea855ec8097f62ee,463,5,OFG_Engineering_Atlas_Rev0_PHTS04_FM08_SITE03__S,IMPORTED_CSV
ANNEX-0186,OFG_Engineering_Atlas_Final_Rev1/Controlled_Data/OFG_Engineering_Atlas_Rev0_PHTS04_FM08_SITE03__SITE03_R02_Excavations.csv,OFG_Engineering_Atlas_Rev0_PHTS04_FM08_SITE03__SITE03_R02_Excavations.csv,csv,a1dc64d07432c2d3efe43a7086424b325b9714608456354ec6ffa09c12cb4885,334,4,OFG_Engineering_Atlas_Rev0_PHTS04_FM08_SITE_12,IMPORTED_CSV
ANNEX-0187,OFG_Engineering_Atlas_Final_Rev1/Controlled_Data/OFG_Engineering_Atlas_Rev0_PHTS04_FM08_SITE03__SITE03_R03_Shoring.csv,OFG_Engineering_Atlas_Rev0_PHTS04_FM08_SITE03__SITE03_R03_Shoring.csv,csv,dec8e0e03d2e2b6372fa8e69e62edda1adeaa05b2a0294c055cb10dd36994fb1,260,4,OFG_Engineering_Atlas_Rev0_PHTS04_FM08_SITE_13,IMPORTED_CSV
ANNEX-0188,OFG_Engineering_Atlas_Final_Rev1/Controlled_Data/OFG_Engineering_Atlas_Rev0_PHTS04_FM08_SITE03__SITE03_R04_Dewatering.csv,OFG_Engineering_Atlas_Rev0_PHTS04_FM08_SITE03__SITE03_R04_Dewatering.csv,csv,a049e6331bef29f9eea85d748e1634f2968125fad22c1af1b22141129b77a80a,208,5,OFG_Engineering_Atlas_Rev0_PHTS04_FM08_SITE_14,IMPORTED_CSV
ANNEX-0189,OFG_Engineering_Atlas_Final_Rev1/Controlled_Data/OFG_Engineering_Atlas_Rev0_PHTS04_FM08_SITE03__SITE03_R05_Underground_Corridors.csv,OFG_Engineering_Atlas_Rev0_PHTS04_FM08_SITE03__SITE03_R05_Underground_Corridors.csv,csv,3c658d03c3125469bd44ee865e8c46f4d19c441e1a567ec5edb96e2318aec31d,384,5,OFG_Engineering_Atlas_Rev0_PHTS04_FM08_SITE_15,IMPORTED_CSV
ANNEX-0190,OFG_Engineering_Atlas_Final_Rev1/Controlled_Data/OFG_Engineering_Atlas_Rev0_PHTS04_FM08_SITE03__SITE03_R06_Construction_Field_Zones.csv,OFG_Engineering_Atlas_Rev0_PHTS04_FM08_SITE03__SITE03_R06_Construction_Field_Zones.csv,csv,d62833c75fc6ac2495a559551c4ff527e422724416b29ee190c1383fc36aa869,372,5,OFG_Engineering_Atlas_Rev0_PHTS04_FM08_SITE_16,IMPORTED_CSV
ANNEX-0191,OFG_Engineering_Atlas_Final_Rev1/Controlled_Data/OFG_Engineering_Atlas_Rev0_PHTS04_FM08_SITE03__SITE03_R07_Plan_Collisions.csv,OFG_Engineering_Atlas_Rev0_PHTS04_FM08_SITE03__SITE03_R07_Plan_Collisions.csv,csv,84346f0b48d3a28e50e78ed6dff0ed265676e3e60bc4dd6d921b72dcff127cd6,24,0,OFG_Engineering_Atlas_Rev0_PHTS04_FM08_SITE_17,IMPORTED_CSV
ANNEX-0192,OFG_Engineering_Atlas_Final_Rev1/Controlled_Data/OFG_Engineering_Atlas_Rev0_PHTS05_FM09_SITE04_VER01__FM09_R01_FE_Topology.csv,OFG_Engineering_Atlas_Rev0_PHTS05_FM09_SITE04_VER01__FM09_R01_FE_Topology.csv,csv,8d60b333d609a1c7252bf3f33974b9436b1e7a847d01fe24d66fb282f844e346,827,7,OFG_Engineering_Atlas_Rev0_PHTS05_FM09_SITE04_VE,IMPORTED_CSV
ANNEX-0193,OFG_Engineering_Atlas_Final_Rev1/Controlled_Data/OFG_Engineering_Atlas_Rev0_PHTS05_FM09_SITE04_VER01__FM09_R02_Interface_Data.csv,OFG_Engineering_Atlas_Rev0_PHTS05_FM09_SITE04_VER01__FM09_R02_Interface_Data.csv,csv,7d4fa42d29023a996cf5488b64d6abef1594a6501a3ea64a2ad11e53446e18d5,714,6,OFG_Engineering_Atlas_Rev0_PHTS05_FM09_SITE_2,IMPORTED_CSV
ANNEX-0194,OFG_Engineering_Atlas_Final_Rev1/Controlled_Data/OFG_Engineering_Atlas_Rev0_PHTS05_FM09_SITE04_VER01__PHTS05_R01_Control_Volumes.csv,OFG_Engineering_Atlas_Rev0_PHTS05_FM09_SITE04_VER01__PHTS05_R01_Control_Volumes.csv,csv,29a5fcee0d7679a43f7d407a0295cd901c042a9a22b7f31924f88627619d0279,6067,132,OFG_Engineering_Atlas_Rev0_PHTS05_FM09_SITE_3,IMPORTED_CSV
ANNEX-0195,OFG_Engineering_Atlas_Final_Rev1/Controlled_Data/OFG_Engineering_Atlas_Rev0_PHTS05_FM09_SITE04_VER01__PHTS05_R02_Junctions.csv,OFG_Engineering_Atlas_Rev0_PHTS05_FM09_SITE04_VER01__PHTS05_R02_Junctions.csv,csv,c806144cf67ff313dc3dc89c0303bc16c8d920cbdb03b2fad2e725c2272fe77d,11164,208,OFG_Engineering_Atlas_Rev0_PHTS05_FM09_SITE_4,IMPORTED_CSV
ANNEX-0196,OFG_Engineering_Atlas_Final_Rev1/Controlled_Data/OFG_Engineering_Atlas_Rev0_PHTS05_FM09_SITE04_VER01__PHTS05_R03_PIE_Deck_Register.csv,OFG_Engineering_Atlas_Rev0_PHTS05_FM09_SITE04_VER01__PHTS05_R03_PIE_Deck_Register.csv,csv,99b85b05e691373b9d6a13ef4e758846f89fb3b4b819a55935c8d20e717df446,1110,8,OFG_Engineering_Atlas_Rev0_PHTS05_FM09_SITE_5,IMPORTED_CSV
ANNEX-0197,OFG_Engineering_Atlas_Final_Rev1/Controlled_Data/OFG_Engineering_Atlas_Rev0_PHTS05_FM09_SITE04_VER01__SITE04_R01_4D_Workfaces.csv,OFG_Engineering_Atlas_Rev0_PHTS05_FM09_SITE04_VER01__SITE04_R01_4D_Workfaces.csv,csv,10954ab1d15c5306f76bae4e495771e74d18380af51279e090f3e9a920d03629,1427,12,OFG_Engineering_Atlas_Rev0_PHTS05_FM09_SITE_6,IMPORTED_CSV
ANNEX-0198,OFG_Engineering_Atlas_Final_Rev1/Controlled_Data/OFG_Engineering_Atlas_Rev0_PHTS05_FM09_SITE04_VER01__SITE04_R02_Spatial_Constraints.csv,OFG_Engineering_Atlas_Rev0_PHTS05_FM09_SITE04_VER01__SITE04_R02_Spatial_Constraints.csv,csv,edb1aa7dddd8f5d080bddee3ef5b0b251d7eb726cdb38e13475e258ae137d8d6,1031,8,OFG_Engineering_Atlas_Rev0_PHTS05_FM09_SITE_7,IMPORTED_CSV
ANNEX-0199,OFG_Engineering_Atlas_Final_Rev1/Controlled_Data/OFG_Engineering_Atlas_Rev0_PHTS05_FM09_SITE04_VER01__VER01_R01_Broadened_Research_Register.csv,OFG_Engineering_Atlas_Rev0_PHTS05_FM09_SITE04_VER01__VER01_R01_Broadened_Research_Register.csv,csv,8aace26c3ba19af34387be3752d8092d71982e4c51611142908fac9aac8642e6,4044,15,OFG_Engineering_Atlas_Rev0_PHTS05_FM09_SITE_8,IMPORTED_CSV
ANNEX-0200,OFG_Engineering_Atlas_Final_Rev1/Controlled_Data/OFG_Engineering_Atlas_Rev0_PHTS05_FM09_SITE04_VER01__VER01_R02_Atlas_Audit_Findings.csv,OFG_Engineering_Atlas_Rev0_PHTS05_FM09_SITE04_VER01__VER01_R02_Atlas_Audit_Findings.csv,csv,63d37ab8914a1a82839854454263ef129e98f1dd196b5b20078fcb270ab2c441,4224,16,OFG_Engineering_Atlas_Rev0_PHTS05_FM09_SITE_9,IMPORTED_CSV
ANNEX-0201,OFG_Engineering_Atlas_Final_Rev1/Controlled_Data/OFG_Engineering_Atlas_Rev0_PHTS05_FM09_SITE04_VER01__VER01_R03_Discipline_Coverage.csv,OFG_Engineering_Atlas_Rev0_PHTS05_FM09_SITE04_VER01__VER01_R03_Discipline_Coverage.csv,csv,53bd3e0e96c945d49446d2affbdb755f5b7f476aa10be0d49d107bc1fe82a3d1,2246,21,OFG_Engineering_Atlas_Rev0_PHTS05_FM09_SITE_10,IMPORTED_CSV
ANNEX-0202,OFG_Engineering_Atlas_Final_Rev1/Controlled_Data/OFG_Engineering_Atlas_Rev0_PHTS05_FM09_SITE04_VER01__VER01_R04_Revision_Backpropagation.csv,OFG_Engineering_Atlas_Rev0_PHTS05_FM09_SITE04_VER01__VER01_R04_Revision_Backpropagation.csv,csv,9310e46bde9923d24b0c94718088d8e248ba1052ad53929fc33caed6e7cce67f,2373,10,OFG_Engineering_Atlas_Rev0_PHTS05_FM09_SITE_11,IMPORTED_CSV
ANNEX-0203,OFG_Engineering_Atlas_Final_Rev1/Controlled_Data/OFG_Engineering_Atlas_Rev0_Plantwide_Pass1__ATLAS_MANIFEST.json,OFG_Engineering_Atlas_Rev0_Plantwide_Pass1__ATLAS_MANIFEST.json,json,067b5990772571fbd370413c019c20ee38d9fd16eac70c210e40f140a4d9b196,798,1,OFG_Engineering_Atlas_Rev0_Plantwide_Pass1__ATLA,IMPORTED_JSON
ANNEX-0204,OFG_Engineering_Atlas_Final_Rev1/Controlled_Data/OFG_Engineering_Atlas_Rev0_Plantwide_Pass1__ATLAS_R01_Asset_Level_Engineering_Closure_22647.csv,OFG_Engineering_Atlas_Rev0_Plantwide_Pass1__ATLAS_R01_Asset_Level_Engineering_Closure_22647.csv,csv,76425b722791f264ce79216a82df3310873e88e2f3c6ad1a7378126077198a79,11400677,22647,OFG_Engineering_Atlas_Rev0_Plantwide_Pass1__2,IMPORTED_CSV
ANNEX-0205,OFG_Engineering_Atlas_Final_Rev1/Controlled_Data/OFG_Engineering_Atlas_Rev0_Plantwide_Pass1__ATLAS_R02_Inferred_System_Interface_Graph.csv,OFG_Engineering_Atlas_Rev0_Plantwide_Pass1__ATLAS_R02_Inferred_System_Interface_Graph.csv,csv,77ef747c489464b0d8fcdc1a16470d030951279d91c1f367ae4d91477ea8563d,8229,91,OFG_Engineering_Atlas_Rev0_Plantwide_Pass1__3,IMPORTED_CSV
ANNEX-0206,OFG_Engineering_Atlas_Final_Rev1/Controlled_Data/OFG_Engineering_Atlas_Rev0_Plantwide_Pass1__ATLAS_R03_System_Discipline_Verification_Matrix.csv,OFG_Engineering_Atlas_Rev0_Plantwide_Pass1__ATLAS_R03_System_Discipline_Verification_Matrix.csv,csv,8322a899ef3df5300eb4c572e37f7bfff8c7aed4b3cc186543674f4c72e0b749,181291,2914,OFG_Engineering_Atlas_Rev0_Plantwide_Pass1__4,IMPORTED_CSV
ANNEX-0207,OFG_Engineering_Atlas_Final_Rev1/Controlled_Data/OFG_Engineering_Atlas_Rev0_Plantwide_Pass1__ATLAS_R04_Authoritative_Research_Source_Register.csv,OFG_Engineering_Atlas_Rev0_Plantwide_Pass1__ATLAS_R04_Authoritative_Research_Source_Register.csv,csv,aa0f835cb7b350d91a2a9865904d490ee6ac1c83a7c07ee18655db796ceb754a,2860,17,OFG_Engineering_Atlas_Rev0_Plantwide_Pass1__5,IMPORTED_CSV
ANNEX-0208,OFG_Engineering_Atlas_Final_Rev1/Controlled_Data/OFG_Engineering_Atlas_Rev0_RAD01_RH01_ELEC01_CONF01_SURVEY01__CONF01_R01_Room_Confinement_Register.csv,OFG_Engineering_Atlas_Rev0_RAD01_RH01_ELEC01_CONF01_SURVEY01__CONF01_R01_Room_Confinement_Register.csv,csv,4b23806fec379591af621b3198ce9f48095e7b2ab1a8285764c21cdba4b4d07a,864,6,OFG_Engineering_Atlas_Rev0_RAD01_RH01_ELEC01_CON,IMPORTED_CSV
ANNEX-0209,OFG_Engineering_Atlas_Final_Rev1/Controlled_Data/OFG_Engineering_Atlas_Rev0_RAD01_RH01_ELEC01_CONF01_SURVEY01__ELEC01_R01_Grounding_EMC_Register.csv,OFG_Engineering_Atlas_Rev0_RAD01_RH01_ELEC01_CONF01_SURVEY01__ELEC01_R01_Grounding_EMC_Register.csv,csv,9e79e4c619fa2332d170a0ffc0ca744e35c7a8317eeef482a0db9fbfdd47a911,1075,8,OFG_Engineering_Atlas_Rev0_RAD01_RH01_ELEC0_2,IMPORTED_CSV
ANNEX-0210,OFG_Engineering_Atlas_Final_Rev1/Controlled_Data/OFG_Engineering_Atlas_Rev0_RAD01_RH01_ELEC01_CONF01_SURVEY01__FIRE01_R01_Fire_Verification_Register.csv,OFG_Engineering_Atlas_Rev0_RAD01_RH01_ELEC01_CONF01_SURVEY01__FIRE01_R01_Fire_Verification_Register.csv,csv,90e645698e668b9db46876652432bc003b52aad2edc99709d211c2a091c98c8d,677,6,OFG_Engineering_Atlas_Rev0_RAD01_RH01_ELEC0_3,IMPORTED_CSV
ANNEX-0211,OFG_Engineering_Atlas_Final_Rev1/Controlled_Data/OFG_Engineering_Atlas_Rev0_RAD01_RH01_ELEC01_CONF01_SURVEY01__RAD01_R01_Source_Term_Register.csv,OFG_Engineering_Atlas_Rev0_RAD01_RH01_ELEC01_CONF01_SURVEY01__RAD01_R01_Source_Term_Register.csv,csv,f24000a1dd2cd95359ecbb748bd1fdd931ff59a2c6d1b816afb8f43eabf8eed7,867,6,OFG_Engineering_Atlas_Rev0_RAD01_RH01_ELEC0_4,IMPORTED_CSV
ANNEX-0212,OFG_Engineering_Atlas_Final_Rev1/Controlled_Data/OFG_Engineering_Atlas_Rev0_RAD01_RH01_ELEC01_CONF01_SURVEY01__RAD01_R02_Radiological_Zones.csv,OFG_Engineering_Atlas_Rev0_RAD01_RH01_ELEC01_CONF01_SURVEY01__RAD01_R02_Radiological_Zones.csv,csv,53993c3f31a3675e51d7f62bc3cdced1b103d7c8c24625554af4a3328eb4b89f,535,5,OFG_Engineering_Atlas_Rev0_RAD01_RH01_ELEC0_5,IMPORTED_CSV
ANNEX-0213,OFG_Engineering_Atlas_Final_Rev1/Controlled_Data/OFG_Engineering_Atlas_Rev0_RAD01_RH01_ELEC01_CONF01_SURVEY01__RH01_R01_Maintainable_Object_Register.csv,OFG_Engineering_Atlas_Rev0_RAD01_RH01_ELEC01_CONF01_SURVEY01__RH01_R01_Maintainable_Object_Register.csv,csv,5dbef300669d12f0b2dc62c7b5352a840e30789c4afe0ea1a497527e265b18e7,690,6,OFG_Engineering_Atlas_Rev0_RAD01_RH01_ELEC0_6,IMPORTED_CSV
ANNEX-0214,OFG_Engineering_Atlas_Final_Rev1/Controlled_Data/OFG_Engineering_Atlas_Rev0_RAD01_RH01_ELEC01_CONF01_SURVEY01__RH01_R02_Transfer_Route.csv,OFG_Engineering_Atlas_Rev0_RAD01_RH01_ELEC01_CONF01_SURVEY01__RH01_R02_Transfer_Route.csv,csv,42831421757d88689c33e2e9ca2b66cd3746f5002aeceaba0a4ce04eead627d9,868,7,OFG_Engineering_Atlas_Rev0_RAD01_RH01_ELEC0_7,IMPORTED_CSV
ANNEX-0215,OFG_Engineering_Atlas_Final_Rev1/Controlled_Data/OFG_Engineering_Atlas_Rev0_RAD01_RH01_ELEC01_CONF01_SURVEY01__RH01_R03_Maintainability_Gates.csv,OFG_Engineering_Atlas_Rev0_RAD01_RH01_ELEC01_CONF01_SURVEY01__RH01_R03_Maintainability_Gates.csv,csv,554d9e65d0201132ac392e8a721ef96fbbabc70c91cc9fc47427d060e0c2a4a9,622,5,OFG_Engineering_Atlas_Rev0_RAD01_RH01_ELEC0_8,IMPORTED_CSV
ANNEX-0216,OFG_Engineering_Atlas_Final_Rev1/Controlled_Data/OFG_Engineering_Atlas_Rev0_RAD01_RH01_ELEC01_CONF01_SURVEY01__SURVEY01_R01_Coordinate_Truth_Register.csv,OFG_Engineering_Atlas_Rev0_RAD01_RH01_ELEC01_CONF01_SURVEY01__SURVEY01_R01_Coordinate_Truth_Register.csv,csv,6c285e91649c38080a0ce7948824a9bda55ee4a847a6c35bbf3dc142ecd45e94,962,8,OFG_Engineering_Atlas_Rev0_RAD01_RH01_ELEC0_9,IMPORTED_CSV
ANNEX-0217,OFG_Engineering_Atlas_Final_Rev1/Controlled_Data/OFG_Engineering_Atlas_Rev0_RAD01_RH01_ELEC01_CONF01_SURVEY01__VER02_R01_Backward_Propagation.csv,OFG_Engineering_Atlas_Rev0_RAD01_RH01_ELEC01_CONF01_SURVEY01__VER02_R01_Backward_Propagation.csv,csv,567902ab7198d99442e7f3f466cbe41a109e3cf0fb231b87387520cb5659ab33,1098,8,OFG_Engineering_Atlas_Rev0_RAD01_RH01_ELEC0_10,IMPORTED_CSV
ANNEX-0218,OFG_Engineering_Atlas_Final_Rev1/Controlled_Data/OFG_Engineering_Atlas_Rev0_RAD01_RH01_ELEC01_CONF01_SURVEY01__VER02_R02_Cross_Discipline_Verification_Matrix.csv,OFG_Engineering_Atlas_Rev0_RAD01_RH01_ELEC01_CONF01_SURVEY01__VER02_R02_Cross_Discipline_Verification_Matrix.csv,csv,dd5c3ab6683e2d95ef453561411d1f7a6562894eef7e46f74aaff0f7e1151e33,589,6,OFG_Engineering_Atlas_Rev0_RAD01_RH01_ELEC0_11,IMPORTED_CSV
ANNEX-0219,OFG_Engineering_Atlas_Final_Rev1/Controlled_Data/OFG_Engineering_Atlas_Rev0_TRI01_BLK01_Coupled_Fuel_Blanket__BLK01_R01_TBR_Recovery_Sensitivity.csv,OFG_Engineering_Atlas_Rev0_TRI01_BLK01_Coupled_Fuel_Blanket__BLK01_R01_TBR_Recovery_Sensitivity.csv,csv,e65d4e8a683315d87e6c9fe178da9d4ccdaca0a966797b091be26a91247024eb,834,15,OFG_Engineering_Atlas_Rev0_TRI01_BLK01_Coupled_F,IMPORTED_CSV
ANNEX-0220,OFG_Engineering_Atlas_Final_Rev1/Controlled_Data/OFG_Engineering_Atlas_Rev0_TRI01_BLK01_Coupled_Fuel_Blanket__BLK01_R02_Module_Coordinates.csv,OFG_Engineering_Atlas_Rev0_TRI01_BLK01_Coupled_Fuel_Blanket__BLK01_R02_Module_Coordinates.csv,csv,7a0190c81eee5135e690a79cedd0fb8807415a3ff7be8b0cb2e82b5cd53a1c88,29108,384,OFG_Engineering_Atlas_Rev0_TRI01_BLK01_Coup_2,IMPORTED_CSV
ANNEX-0221,OFG_Engineering_Atlas_Final_Rev1/Controlled_Data/OFG_Engineering_Atlas_Rev0_TRI01_BLK01_Coupled_Fuel_Blanket__BLK01_R03_Functional_Breakdown.csv,OFG_Engineering_Atlas_Rev0_TRI01_BLK01_Coupled_Fuel_Blanket__BLK01_R03_Functional_Breakdown.csv,csv,dee75238dd21b4a90a7b3ce497af2819475c265a5188905893293abada5da2e1,1103,9,OFG_Engineering_Atlas_Rev0_TRI01_BLK01_Coup_3,IMPORTED_CSV
ANNEX-0222,OFG_Engineering_Atlas_Final_Rev1/Controlled_Data/OFG_Engineering_Atlas_Rev0_TRI01_BLK01_Coupled_Fuel_Blanket__TRI01_BLK01_R04_Decision_Conflict_Register.csv,OFG_Engineering_Atlas_Rev0_TRI01_BLK01_Coupled_Fuel_Blanket__TRI01_BLK01_R04_Decision_Conflict_Register.csv,csv,762ab5b688c7be3c2af3b622de003d1f67155d1086712cd2b8c64495cd83f144,835,4,OFG_Engineering_Atlas_Rev0_TRI01_BLK01_Coup_4,IMPORTED_CSV
ANNEX-0223,OFG_Engineering_Atlas_Final_Rev1/Controlled_Data/OFG_Engineering_Atlas_Rev0_TRI01_BLK01_Coupled_Fuel_Blanket__TRI01_BLK01_R05_Backward_Propagation.csv,OFG_Engineering_Atlas_Rev0_TRI01_BLK01_Coupled_Fuel_Blanket__TRI01_BLK01_R05_Backward_Propagation.csv,csv,a70e9b96a5f5787aed29f0d096fb3393c485491dc606595519686ed73a60400e,1171,5,OFG_Engineering_Atlas_Rev0_TRI01_BLK01_Coup_5,IMPORTED_CSV
ANNEX-0224,OFG_Engineering_Atlas_Final_Rev1/Controlled_Data/OFG_Engineering_Atlas_Rev0_TRI01_BLK01_Coupled_Fuel_Blanket__TRI01_BLK01_R06_Information_Provenance.csv,OFG_Engineering_Atlas_Rev0_TRI01_BLK01_Coupled_Fuel_Blanket__TRI01_BLK01_R06_Information_Provenance.csv,csv,386b4da8e4fa8e6af293c3d5158e30299595147f4734e30b1b8dc5067ffacba6,1275,5,OFG_Engineering_Atlas_Rev0_TRI01_BLK01_Coup_6,IMPORTED_CSV
ANNEX-0225,OFG_Engineering_Atlas_Final_Rev1/Controlled_Data/OFG_Engineering_Atlas_Rev0_TRI01_BLK01_Coupled_Fuel_Blanket__TRI01_R01_DT_Burn_Flow_Sensitivity.csv,OFG_Engineering_Atlas_Rev0_TRI01_BLK01_Coupled_Fuel_Blanket__TRI01_R01_DT_Burn_Flow_Sensitivity.csv,csv,8783d6bac1881e889feb5809c3bf346f740c75507c930cbe43d3776183ad24c4,419,4,OFG_Engineering_Atlas_Rev0_TRI01_BLK01_Coup_7,IMPORTED_CSV
ANNEX-0226,OFG_Engineering_Atlas_Final_Rev1/Controlled_Data/OFG_Engineering_Atlas_Rev0_TRI01_BLK01_Coupled_Fuel_Blanket__TRI01_R02_DIR_Throughput_Sensitivity.csv,OFG_Engineering_Atlas_Rev0_TRI01_BLK01_Coupled_Fuel_Blanket__TRI01_R02_DIR_Throughput_Sensitivity.csv,csv,1fb477e654e9c49d311429c8ab8ce2087e8914169ec8bbcd3c292063115a6f93,900,12,OFG_Engineering_Atlas_Rev0_TRI01_BLK01_Coup_8,IMPORTED_CSV
ANNEX-0227,OFG_Engineering_Atlas_Final_Rev1/Controlled_Data/OFG_Engineering_Atlas_Rev0_TRI01_BLK01_Coupled_Fuel_Blanket__TRI01_R03_Functional_Breakdown.csv,OFG_Engineering_Atlas_Rev0_TRI01_BLK01_Coupled_Fuel_Blanket__TRI01_R03_Functional_Breakdown.csv,csv,1bb73191920fe336d1e07dbe1a98ff30ca0bfd9fe9b54345a51f7a8d309c7044,972,9,OFG_Engineering_Atlas_Rev0_TRI01_BLK01_Coup_9,IMPORTED_CSV
ANNEX-0228,OFG_Engineering_Atlas_Final_Rev1/Controlled_Data/OFG_Engineering_Atlas_Rev0_VAC01_Vacuum_Network__VAC01_R01_Torus_Cryopump_Coordinates.csv,OFG_Engineering_Atlas_Rev0_VAC01_Vacuum_Network__VAC01_R01_Torus_Cryopump_Coordinates.csv,csv,b95734df1775f376609611c080038ce8a3bb02bfdc489e5283a7c463e0375a7f,579,8,OFG_Engineering_Atlas_Rev0_VAC01_Vacuum_Network_,IMPORTED_CSV
ANNEX-0229,OFG_Engineering_Atlas_Final_Rev1/Controlled_Data/OFG_Engineering_Atlas_Rev0_VAC01_Vacuum_Network__VAC01_R02_Cryostat_Cryopump_Coordinates.csv,OFG_Engineering_Atlas_Rev0_VAC01_Vacuum_Network__VAC01_R02_Cryostat_Cryopump_Coordinates.csv,csv,73c3dd9e9446b5e3d3ce1fed1e467279f6f8cbc416b2490ae0ce09020ebe5154,386,4,OFG_Engineering_Atlas_Rev0_VAC01_Vacuum_Net_2,IMPORTED_CSV
ANNEX-0230,OFG_Engineering_Atlas_Final_Rev1/Controlled_Data/OFG_Engineering_Atlas_Rev0_VAC01_Vacuum_Network__VAC01_R03_Duct_Conductance_Sensitivity.csv,OFG_Engineering_Atlas_Rev0_VAC01_Vacuum_Network__VAC01_R03_Duct_Conductance_Sensitivity.csv,csv,6d8db3d62d1fa1385f15be84b88fab834063ddc86b79dfb8e215766bb1b35e06,1318,20,OFG_Engineering_Atlas_Rev0_VAC01_Vacuum_Net_3,IMPORTED_CSV
ANNEX-0231,OFG_Engineering_Atlas_Final_Rev1/Controlled_Data/OFG_Engineering_Atlas_Rev0_VAC01_Vacuum_Network__VAC01_R04_Gas_Load_Base_Pressure_Screen.csv,OFG_Engineering_Atlas_Rev0_VAC01_Vacuum_Network__VAC01_R04_Gas_Load_Base_Pressure_Screen.csv,csv,ce4e725bdbbe64ce320f74aba8ed39ea00b617223f9ca1939d1bfe8487d96bee,419,4,OFG_Engineering_Atlas_Rev0_VAC01_Vacuum_Net_4,IMPORTED_CSV
ANNEX-0232,OFG_Engineering_Atlas_Final_Rev1/Controlled_Data/OFG_Engineering_Atlas_Rev0_VAC01_Vacuum_Network__VAC01_R05_Vacuum_Boundary_Ledger.csv,OFG_Engineering_Atlas_Rev0_VAC01_Vacuum_Network__VAC01_R05_Vacuum_Boundary_Ledger.csv,csv,d2278f7c5d407fbdb9380f07d7ae97dbcb75bbb8da1069a9e4a96455273a94e7,815,5,OFG_Engineering_Atlas_Rev0_VAC01_Vacuum_Net_5,IMPORTED_CSV
ANNEX-0233,OFG_Engineering_Atlas_Final_Rev1/Controlled_Data/OFG_Engineering_Atlas_Rev0_VAC01_Vacuum_Network__VAC01_R06_Verification_Matrix.csv,OFG_Engineering_Atlas_Rev0_VAC01_Vacuum_Network__VAC01_R06_Verification_Matrix.csv,csv,bdcf3d0f484ce5dfc7de71948f80ed76c7535c5b0d79bdbb37e45a7de874553f,1950,12,OFG_Engineering_Atlas_Rev0_VAC01_Vacuum_Net_6,IMPORTED_CSV
ANNEX-0234,OFG_Engineering_Atlas_Final_Rev1/Controlled_Data/OFG_Engineering_Atlas_Rev0_VAC01_Vacuum_Network__VAC01_R07_Information_Provenance.csv,OFG_Engineering_Atlas_Rev0_VAC01_Vacuum_Network__VAC01_R07_Information_Provenance.csv,csv,c406134927437f32f967a13481ab30921bfc9cca6449355174393b6a525972e1,1461,5,OFG_Engineering_Atlas_Rev0_VAC01_Vacuum_Net_7,IMPORTED_CSV
ANNEX-0235,OFG_Engineering_Atlas_Final_Rev1/Controlled_Data/OFG_Engineering_Atlas_Rev0_VAC01_Vacuum_Network__VAC01_R08_Backward_Propagation.csv,OFG_Engineering_Atlas_Rev0_VAC01_Vacuum_Network__VAC01_R08_Backward_Propagation.csv,csv,f02fa5689615e31001ef8a2a2ca0d82094eb597a90c5171710f69967ec0c9830,1126,5,OFG_Engineering_Atlas_Rev0_VAC01_Vacuum_Net_8,IMPORTED_CSV
ANNEX-0236,OFG_Engineering_Atlas_Final_Rev1/Controlled_Data/OFG_Engineering_Atlas_Rev0_VAC02_Expanded_Research_Dynamic_Vacuum__VAC02_R01_Expanded_Research_Source_Register.csv,OFG_Engineering_Atlas_Rev0_VAC02_Expanded_Research_Dynamic_Vacuum__VAC02_R01_Expanded_Research_Source_Register.csv,csv,665713c415b61ccc717298cd1d10e6a3a7f33e2e4a35d60654e32ac313d557fc,6463,21,OFG_Engineering_Atlas_Rev0_VAC02_Expanded_Resear,IMPORTED_CSV
ANNEX-0237,OFG_Engineering_Atlas_Final_Rev1/Controlled_Data/OFG_Engineering_Atlas_Rev0_VAC02_Expanded_Research_Dynamic_Vacuum__VAC02_R02_Dynamic_Pumpdown.csv,OFG_Engineering_Atlas_Rev0_VAC02_Expanded_Research_Dynamic_Vacuum__VAC02_R02_Dynamic_Pumpdown.csv,csv,2fdb5180c4d69f6db195de4d3b004245139f3b7452b2a6a1312322e3b5bd3a07,2563,33,OFG_Engineering_Atlas_Rev0_VAC02_Expanded_R_2,IMPORTED_CSV
ANNEX-0238,OFG_Engineering_Atlas_Final_Rev1/Controlled_Data/OFG_Engineering_Atlas_Rev0_VAC02_Expanded_Research_Dynamic_Vacuum__VAC02_R03_Air_Ingress_Sensitivity.csv,OFG_Engineering_Atlas_Rev0_VAC02_Expanded_Research_Dynamic_Vacuum__VAC02_R03_Air_Ingress_Sensitivity.csv,csv,d223330e8371c64e2c3e09e3beb0d9924226c9944b328fde19e55fadf2c784e8,232,4,OFG_Engineering_Atlas_Rev0_VAC02_Expanded_R_3,IMPORTED_CSV
ANNEX-0239,OFG_Engineering_Atlas_Final_Rev1/Controlled_Data/OFG_Engineering_Atlas_Rev0_VAC02_Expanded_Research_Dynamic_Vacuum__VAC02_R04_Water_Ingress_Screen.csv,OFG_Engineering_Atlas_Rev0_VAC02_Expanded_Research_Dynamic_Vacuum__VAC02_R04_Water_Ingress_Screen.csv,csv,0854766c1bd82163a2a321c26568a2eef10c8e3bc145020d59b8abaaa39b6564,159,4,OFG_Engineering_Atlas_Rev0_VAC02_Expanded_R_4,IMPORTED_CSV
ANNEX-0240,OFG_Engineering_Atlas_Final_Rev1/Controlled_Data/OFG_Engineering_Atlas_Rev0_VAC02_Expanded_Research_Dynamic_Vacuum__VAC02_R05_Operating_State_Model.csv,OFG_Engineering_Atlas_Rev0_VAC02_Expanded_Research_Dynamic_Vacuum__VAC02_R05_Operating_State_Model.csv,csv,57f68230527133e1739118aa2e5c1470650d16e8fb20afd094ea6d282708312f,798,8,OFG_Engineering_Atlas_Rev0_VAC02_Expanded_R_5,IMPORTED_CSV
ANNEX-0241,OFG_Engineering_Atlas_Final_Rev1/Controlled_Data/OFG_Engineering_Atlas_Rev0_VAC02_Expanded_Research_Dynamic_Vacuum__VAC02_R06_Verification_Matrix.csv,OFG_Engineering_Atlas_Rev0_VAC02_Expanded_Research_Dynamic_Vacuum__VAC02_R06_Verification_Matrix.csv,csv,ef6a32f8689a356ac36740ace0685ac8e64e3f5a810fc7bd608ce5e81dfa9407,1799,10,OFG_Engineering_Atlas_Rev0_VAC02_Expanded_R_6,IMPORTED_CSV
ANNEX-0242,OFG_Engineering_Atlas_Final_Rev1/Controlled_Data/OFG_Engineering_Atlas_Rev0_VAC02_Expanded_Research_Dynamic_Vacuum__VAC02_R07_Backward_Propagation.csv,OFG_Engineering_Atlas_Rev0_VAC02_Expanded_Research_Dynamic_Vacuum__VAC02_R07_Backward_Propagation.csv,csv,f4a3bd413531500a41ec45042baf8bd57006d166f17945c73a98b13f98946539,1623,6,OFG_Engineering_Atlas_Rev0_VAC02_Expanded_R_7,IMPORTED_CSV
ANNEX-0243,OFG_Engineering_Atlas_Final_Rev1/Controlled_Data/OFG_Engineering_Atlas_Rev0_VAC02_Expanded_Research_Dynamic_Vacuum__VAC02_R08_Canon_Decision_Conflict_Register.csv,OFG_Engineering_Atlas_Rev0_VAC02_Expanded_Research_Dynamic_Vacuum__VAC02_R08_Canon_Decision_Conflict_Register.csv,csv,8a97f806c7155560d5257d07382aaf86bdf72826e48cfec91562950b1212d43d,1184,4,OFG_Engineering_Atlas_Rev0_VAC02_Expanded_R_8,IMPORTED_CSV
ANNEX-0244,OFG_Engineering_Atlas_Final_Rev1/Controlled_Data/OFG_Engineering_Atlas_Rev0_VAC02_Expanded_Research_Dynamic_Vacuum__VAC02_R09_Information_Provenance.csv,OFG_Engineering_Atlas_Rev0_VAC02_Expanded_Research_Dynamic_Vacuum__VAC02_R09_Information_Provenance.csv,csv,1946144d01e4ef5b96a5fb8a81163f9ae898871fe4017a0579dcd0a05193cc10,1615,5,OFG_Engineering_Atlas_Rev0_VAC02_Expanded_R_9,IMPORTED_CSV
ANNEX-0245,OFG_Engineering_Atlas_Final_Rev1/Controlled_Data/OFG_Engineering_Encyclopedia_Rev2__OFG_Rev2_Building_Coordinate_Register.csv,OFG_Engineering_Encyclopedia_Rev2__OFG_Rev2_Building_Coordinate_Register.csv,csv,e15fe57eba71357b413a6e55083c8df79ce7bbbc4858b606aa3e6ffd1165394b,1224,21,OFG_Engineering_Encyclopedia_Rev2__OFG_Rev2_Buil,IMPORTED_CSV
ANNEX-0246,OFG_Engineering_Atlas_Final_Rev1/Controlled_Data/OFG_Engineering_Encyclopedia_Rev2__OFG_Rev2_System_Register.csv,OFG_Engineering_Encyclopedia_Rev2__OFG_Rev2_System_Register.csv,csv,768a27ee86e41cc9ff2bbf0e12e19032c3dcf0859257e17e5fd5d651e773d2a7,2910,33,OFG_Engineering_Encyclopedia_Rev2__OFG_Rev2_Syst,IMPORTED_CSV
ANNEX-0247,OFG_Engineering_Atlas_Final_Rev1/SOURCE_DOCUMENT_MANIFEST.json,SOURCE_DOCUMENT_MANIFEST.json,json,eff9a0c34f5791e4a51310fa0a045cc561770d7da0265ee56a7e6b28555a547a,11049,1,SOURCE_DOCUMENT_MANIFEST_json,IMPORTED_JSON
ANNEX-0248,OFG_Engineering_Atlas_Rev0_BLK02_Blanket_Cell_Architecture/BLK02_R01_Research_Source_Register.csv,BLK02_R01_Research_Source_Register.csv,csv,6d0ed7d45e28d706a093aef127ecc7a7634485908db785761c8e1ad446d85700,2409,13,BLK02_R01_Research_Source_Register,IMPORTED_CSV
ANNEX-0249,OFG_Engineering_Atlas_Rev0_BLK02_Blanket_Cell_Architecture/BLK02_R02_Candidate_Architecture_Matrix.csv,BLK02_R02_Candidate_Architecture_Matrix.csv,csv,85d09cf576bd13330ab693c72a38e1f609b3e6435cfec449105affaa9b5c33ac,601,4,BLK02_R02_Candidate_Architecture_Matrix,IMPORTED_CSV
ANNEX-0250,OFG_Engineering_Atlas_Rev0_BLK02_Blanket_Cell_Architecture/BLK02_R03_Parametric_Cell_Layers.csv,BLK02_R03_Parametric_Cell_Layers.csv,csv,22fef307454eff8325d27b53fd10d7df81db54fd1c86b5a79ea1d5c936077a75,768,8,BLK02_R03_Parametric_Cell_Layers,IMPORTED_CSV
ANNEX-0251,OFG_Engineering_Atlas_Rev0_BLK02_Blanket_Cell_Architecture/BLK02_R04_Thermal_Hydraulic_Sensitivity.csv,BLK02_R04_Thermal_Hydraulic_Sensitivity.csv,csv,55ed267a5f410390d1d43920799d530d1c67ed334a473fd80595d6f758179c31,2209,54,BLK02_R04_Thermal_Hydraulic_Sensitivity,IMPORTED_CSV
ANNEX-0252,OFG_Engineering_Atlas_Rev0_BLK02_Blanket_Cell_Architecture/BLK02_R05_Module_Service_Interface_Ledger.csv,BLK02_R05_Module_Service_Interface_Ledger.csv,csv,e072dfe9c60bc4f76d0fb369dd9b45f9735e4d7b65b6765b6a11df40e257c724,936,9,BLK02_R05_Module_Service_Interface_Ledger,IMPORTED_CSV
ANNEX-0253,OFG_Engineering_Atlas_Rev0_BLK02_Blanket_Cell_Architecture/BLK02_R07_Canon_Decision_Conflict_Register.csv,BLK02_R07_Canon_Decision_Conflict_Register.csv,csv,f66ea351507c4c76ec53b20cdb112cb2aeacb4929aa9795bf32bf2b732be7807,1228,5,BLK02_R07_Canon_Decision_Conflict_Register,IMPORTED_CSV
ANNEX-0254,OFG_Engineering_Atlas_Rev0_BLK02_Blanket_Cell_Architecture/BLK02_R08_Backward_Propagation.csv,BLK02_R08_Backward_Propagation.csv,csv,f04e6ce057e183df425545f67caf27702f9c231a608b33201f69488b0178acf9,1303,5,BLK02_R08_Backward_Propagation,IMPORTED_CSV
ANNEX-0255,OFG_Engineering_Atlas_Rev0_BLK02_Blanket_Cell_Architecture/BLK02_R09_Information_Provenance.csv,BLK02_R09_Information_Provenance.csv,csv,4b82565abe87bc1f40f4132b098263994ba47d58582d77feb2fc1fab5dd78018,1364,5,BLK02_R09_Information_Provenance,IMPORTED_CSV
ANNEX-0256,OFG_Engineering_Atlas_Rev0_BLK02_Blanket_Cell_Architecture/BLK02_R10_Permeation_Barrier_Relative_Sensitivity.csv,BLK02_R10_Permeation_Barrier_Relative_Sensitivity.csv,csv,d0997a6242f7c0f93c9d5f9858da1de8f0d30d15c8b785eda472d8716c8717cd,125,4,BLK02_R10_Permeation_Barrier_Relative_Sensitivit,IMPORTED_CSV
ANNEX-0257,OFG_Engineering_Atlas_Rev0_BLK02_TRI02_Multiphysics/BLK02_R01_Canonical_80_Segment_Coordinates.csv,BLK02_R01_Canonical_80_Segment_Coordinates.csv,csv,0af274ff537127f19364e3fa17dc8899171e9d4830da72c44d3c054ea7d09c8a,6195,80,BLK02_R01_Canonical_80_Segment_Coordinates,IMPORTED_CSV
ANNEX-0258,OFG_Engineering_Atlas_Rev0_BLK02_TRI02_Multiphysics/BLK02_R02_Water_Channel_Sensitivity.csv,BLK02_R02_Water_Channel_Sensitivity.csv,csv,938e2fcc12feebd33cbb052e8ded34500070d9f0d6a5ee528ec264124dc1382b,2141,20,BLK02_R02_Water_Channel_Sensitivity,IMPORTED_CSV
ANNEX-0259,OFG_Engineering_Atlas_Rev0_BLK02_TRI02_Multiphysics/BLK02_R03_Pressure_Stress_Screen.csv,BLK02_R03_Pressure_Stress_Screen.csv,csv,41593f943ead3f2f269c20c232e620bbf99faf12a2cc40e2d13fd8eec938b1cd,466,20,BLK02_R03_Pressure_Stress_Screen,IMPORTED_CSV
ANNEX-0260,OFG_Engineering_Atlas_Rev0_BLK02_TRI02_Multiphysics/BLK02_R04_Radial_Cell_Candidates.csv,BLK02_R04_Radial_Cell_Candidates.csv,csv,beb71afa49a73974eea8acb1a05ca4c6edc5e08c3ef04ae20b44a882f446b688,407,3,BLK02_R04_Radial_Cell_Candidates,IMPORTED_CSV
ANNEX-0261,OFG_Engineering_Atlas_Rev0_BLK02_TRI02_Multiphysics/BLK02_R05_TBR_ServiceFraction_Surrogate.csv,BLK02_R05_TBR_ServiceFraction_Surrogate.csv,csv,01b0a21d8bf4d1cee696fdd7cb38c161147bfefa4cbd44d0776d5bf0aa965bcf,314,12,BLK02_R05_TBR_ServiceFraction_Surrogate,IMPORTED_CSV
ANNEX-0262,OFG_Engineering_Atlas_Rev0_BLK02_TRI02_Multiphysics/BLK02_TRI02_R03_System_Connections.csv,BLK02_TRI02_R03_System_Connections.csv,csv,a0c7760b75ff633de480100bcb4238fd5710419f3f4a8e2650765c1c3b7eed63,1038,14,BLK02_TRI02_R03_System_Connections,IMPORTED_CSV
ANNEX-0263,OFG_Engineering_Atlas_Rev0_BLK02_TRI02_Multiphysics/BLK02_TRI02_R04_Verification.csv,BLK02_TRI02_R04_Verification.csv,csv,5d90e1e0564b86772e528ee3c5b8279af1b9afbe1741dfb57e7e16a4b3a461bd,1707,12,BLK02_TRI02_R04_Verification,IMPORTED_CSV
ANNEX-0264,OFG_Engineering_Atlas_Rev0_BLK02_TRI02_Multiphysics/BLK02_TRI02_R05_Backward_Propagation.csv,BLK02_TRI02_R05_Backward_Propagation.csv,csv,87c0dfc29553fbcb2e3470d1b1aae9aaf8ceca5d940daa0f2664b56f39e98ba5,1211,6,BLK02_TRI02_R05_Backward_Propagation,IMPORTED_CSV
ANNEX-0265,OFG_Engineering_Atlas_Rev0_BLK02_TRI02_Multiphysics/TRI02_R01_Process_Holdup_Sensitivity.csv,TRI02_R01_Process_Holdup_Sensitivity.csv,csv,5aec89de58be494cd64faea55e1a737959395782c252f8ff3b5fe10bcbb018e9,988,20,TRI02_R01_Process_Holdup_Sensitivity,IMPORTED_CSV
ANNEX-0266,OFG_Engineering_Atlas_Rev0_BLK02_TRI02_Multiphysics/TRI02_R02_Blanket_Extraction_Inventory.csv,TRI02_R02_Blanket_Extraction_Inventory.csv,csv,195dbce56fcdcf4159a77f3eac0989e3b3035e8c29d21b8f266252ffeb33132c,2032,36,TRI02_R02_Blanket_Extraction_Inventory,IMPORTED_CSV
ANNEX-0267,OFG_Engineering_Atlas_Rev0_BLK03_TRI03_Spatial_Handoff/BLK03_R01_51200_Voxel_Coupling_Mesh.csv,BLK03_R01_51200_Voxel_Coupling_Mesh.csv,csv,676cc6082d5635567b25e63c0409e8d420618bf6c424c2490b54f5c9560899c0,6931779,51200,BLK03_R01_51200_Voxel_Coupling_Mesh,IMPORTED_CSV
ANNEX-0268,OFG_Engineering_Atlas_Rev0_BLK03_TRI03_Spatial_Handoff/BLK03_R02_Segment_Spatial_Summary.csv,BLK03_R02_Segment_Spatial_Summary.csv,csv,738afc6a19eccef1590f30c36f3225cd850010ad98cb3d1365967e79291647d9,6170,80,BLK03_R02_Segment_Spatial_Summary,IMPORTED_CSV
ANNEX-0269,OFG_Engineering_Atlas_Rev0_BLK03_TRI03_Spatial_Handoff/BLK03_R03_Port_Gap_TBR_Sensitivity.csv,BLK03_R03_Port_Gap_TBR_Sensitivity.csv,csv,1ec9e66bcccbd85fd7328ab8d55bd3bdf14d963188265a4b81ea8b00b27dc539,1278,45,BLK03_R03_Port_Gap_TBR_Sensitivity,IMPORTED_CSV
ANNEX-0270,OFG_Engineering_Atlas_Rev0_BLK03_TRI03_Spatial_Handoff/BLK03_TRI03_R04_Research_Register.csv,BLK03_TRI03_R04_Research_Register.csv,csv,2b73280823890ccdaf082a2df0b1c453476ebd2651658eca594150b2b4ff29cf,2629,11,BLK03_TRI03_R04_Research_Register,IMPORTED_CSV
ANNEX-0271,OFG_Engineering_Atlas_Rev0_BLK03_TRI03_Spatial_Handoff/BLK03_TRI03_R05_Backward_Propagation.csv,BLK03_TRI03_R05_Backward_Propagation.csv,csv,773a2a043713ea1a0669caddf9e7dae7ebd2cfaa811750d7626616977cd61c3e,1114,5,BLK03_TRI03_R05_Backward_Propagation,IMPORTED_CSV
ANNEX-0272,OFG_Engineering_Atlas_Rev0_BLK03_TRI03_Spatial_Handoff/BLK03_TRI03_R06_Canon_Decision_Conflict.csv,BLK03_TRI03_R06_Canon_Decision_Conflict.csv,csv,f2e98bf38e7b7983ee1b0e1b19227852bc2209f988a57df3e8daaea4b6ec69a8,855,5,BLK03_TRI03_R06_Canon_Decision_Conflict,IMPORTED_CSV
ANNEX-0273,OFG_Engineering_Atlas_Rev0_BLK03_TRI03_Spatial_Handoff/FM05_R00_Blanket_Load_Handoff.csv,FM05_R00_Blanket_Load_Handoff.csv,csv,e47eb3873f6ca6f35879baf61c7f1f7796e57f8a07e9dcc3804e83eadd585b4d,10146,80,FM05_R00_Blanket_Load_Handoff,IMPORTED_CSV
ANNEX-0274,OFG_Engineering_Atlas_Rev0_BLK03_TRI03_Spatial_Handoff/TRI03_R01_Component_Inventory_Accountancy.csv,TRI03_R01_Component_Inventory_Accountancy.csv,csv,53c7e8b1347547086d926ef1b013795fb6bb288c24c1ef6976e0a9f5bf88adbf,3703,32,TRI03_R01_Component_Inventory_Accountancy,IMPORTED_CSV
ANNEX-0275,OFG_Engineering_Atlas_Rev0_BLK03_TRI03_Spatial_Handoff/TRI03_R02_Material_Balance_Uncertainty.csv,TRI03_R02_Material_Balance_Uncertainty.csv,csv,e03acc22ecc7ee2d812ee6ba7ad4f82273e5adf5945a55d4b8328c20c327220e,359,4,TRI03_R02_Material_Balance_Uncertainty,IMPORTED_CSV
ANNEX-0276,OFG_Engineering_Atlas_Rev0_BUILD01_CONSTR01_TEMP01_VER03/BUILD01_R01_Building_Structural_Constructability.csv,BUILD01_R01_Building_Structural_Constructability.csv,csv,4c16c142a68e99fc5b60a561d48cdf349994dd7a155015aad52b586ac66b27fb,2185,8,BUILD01_R01_Building_Structural_Constructability,IMPORTED_CSV
ANNEX-0277,OFG_Engineering_Atlas_Rev0_BUILD01_CONSTR01_TEMP01_VER03/BUILD01_R02_Construction_State_Model.csv,BUILD01_R02_Construction_State_Model.csv,csv,593e28d2d1964e33dfc1fc0aea1f49fd007dd5429f8dc9bf6f60cabf999440af,917,8,BUILD01_R02_Construction_State_Model,IMPORTED_CSV
ANNEX-0278,OFG_Engineering_Atlas_Rev0_BUILD01_CONSTR01_TEMP01_VER03/CONSTR01_R01_Canon_Constructability_Constraints.csv,CONSTR01_R01_Canon_Constructability_Constraints.csv,csv,8249e7da6e634c5fe2b4e146ee1a1ddfb45f3fdd28d7a3124dae0fdda6b16b44,2129,12,CONSTR01_R01_Canon_Constructability_Constraints,IMPORTED_CSV
ANNEX-0279,OFG_Engineering_Atlas_Rev0_BUILD01_CONSTR01_TEMP01_VER03/CONSTR01_R02_Constructability_Gates.csv,CONSTR01_R02_Constructability_Gates.csv,csv,d60c4f5aa54baca0bfbac5a577ab91ad6c533d27cf1f7c58286afb5f7468cc2a,2063,12,CONSTR01_R02_Constructability_Gates,IMPORTED_CSV
ANNEX-0280,OFG_Engineering_Atlas_Rev0_BUILD01_CONSTR01_TEMP01_VER03/TEMP01_R01_Temporary_Asset_Register.csv,TEMP01_R01_Temporary_Asset_Register.csv,csv,e0dd75acbf27cb8fe7a3fb53fe2e892b7924119e95650144fef44c4b618c22f2,2399,12,TEMP01_R01_Temporary_Asset_Register,IMPORTED_CSV
ANNEX-0281,OFG_Engineering_Atlas_Rev0_BUILD01_CONSTR01_TEMP01_VER03/VER03_R01_Constructability_Verification.csv,VER03_R01_Constructability_Verification.csv,csv,665c156c843fe8ba687b4197cc5e9e0a1976c876f3cfd35ea95b1ba00888c99b,2395,10,VER03_R01_Constructability_Verification,IMPORTED_CSV
ANNEX-0282,OFG_Engineering_Atlas_Rev0_BUILD01_CONSTR01_TEMP01_VER03/VER03_R02_Backward_Propagation.csv,VER03_R02_Backward_Propagation.csv,csv,02a27f342e0af157267f883b1901a0a86e5b4c5dd6e0a97a9712d3683b3dd2db,1738,9,VER03_R02_Backward_Propagation,IMPORTED_CSV
ANNEX-0283,OFG_Engineering_Atlas_Rev0_BUILD02_ROOM02_PEN02_ROUTE02_TOL01_LOG01_SIMOPS01_FM10_VER04/BUILD02_R01_4D_Building_State_Register.csv,BUILD02_R01_4D_Building_State_Register.csv,csv,6d932dd6065820f3b0e17d9cb3e802437e403f6b3923b3e3ae97d0073afe4cd6,3063,17,BUILD02_R01_4D_Building_State_Register,IMPORTED_CSV
ANNEX-0284,OFG_Engineering_Atlas_Rev0_BUILD02_ROOM02_PEN02_ROUTE02_TOL01_LOG01_SIMOPS01_FM10_VER04/FM10_R01_Construction_Stage_Structural_Cases.csv,FM10_R01_Construction_Stage_Structural_Cases.csv,csv,a46869fae716ed9f2a853d641030105cb24b00dab3b4ac999df6fc8e199f0df5,1141,7,FM10_R01_Construction_Stage_Structural_Cases,IMPORTED_CSV
ANNEX-0285,OFG_Engineering_Atlas_Rev0_BUILD02_ROOM02_PEN02_ROUTE02_TOL01_LOG01_SIMOPS01_FM10_VER04/PEN02_R01_Penetration_Closure_Register.csv,PEN02_R01_Penetration_Closure_Register.csv,csv,adc0d212cf375a59b74e62b7a72807d9cf4188a9ed50e0cd7bd8e1a5b120383b,1355,7,PEN02_R01_Penetration_Closure_Register,IMPORTED_CSV
ANNEX-0286,OFG_Engineering_Atlas_Rev0_BUILD02_ROOM02_PEN02_ROUTE02_TOL01_LOG01_SIMOPS01_FM10_VER04/ROOM02_R01_Function_Construction_Maintenance_Rooms.csv,ROOM02_R01_Function_Construction_Maintenance_Rooms.csv,csv,a6fb04e22b1f00202d0aeda7872132ce59f0d96511f39eede1c48258cfaabe5f,2848,19,ROOM02_R01_Function_Construction_Maintenance_Roo,IMPORTED_CSV
ANNEX-0287,OFG_Engineering_Atlas_Rev0_BUILD02_ROOM02_PEN02_ROUTE02_TOL01_LOG01_SIMOPS01_FM10_VER04/ROUTE02_R01_Construction_and_Maintenance_Routes.csv,ROUTE02_R01_Construction_and_Maintenance_Routes.csv,csv,1e067d028f0313a77f721d288ca23ec3e8d1d4ad2cf6a85a4f652a558e6e035a,1275,8,ROUTE02_R01_Construction_and_Maintenance_Routes,IMPORTED_CSV
ANNEX-0288,OFG_Engineering_Atlas_Rev0_BUILD02_ROOM02_PEN02_ROUTE02_TOL01_LOG01_SIMOPS01_FM10_VER04/SIMOPS01_R01_Construction_Commissioning_Interface.csv,SIMOPS01_R01_Construction_Commissioning_Interface.csv,csv,7018e645af680904139094467a0a3bf0ff752ee5478013daaf3d2eabd50efbd6,1360,6,SIMOPS01_R01_Construction_Commissioning_Interfac,IMPORTED_CSV
ANNEX-0289,OFG_Engineering_Atlas_Rev0_BUILD02_ROOM02_PEN02_ROUTE02_TOL01_LOG01_SIMOPS01_FM10_VER04/TOL01_R01_Tolerance_Budget_Skeleton.csv,TOL01_R01_Tolerance_Budget_Skeleton.csv,csv,4d69ef849fcc65bdfcb5a0f34de972cd20e7ec3894783fa325f93b1a646b0b72,1281,7,TOL01_R01_Tolerance_Budget_Skeleton,IMPORTED_CSV
ANNEX-0290,OFG_Engineering_Atlas_Rev0_BUILD02_ROOM02_PEN02_ROUTE02_TOL01_LOG01_SIMOPS01_FM10_VER04/VER04_R01_Revision_Provenance.csv,VER04_R01_Revision_Provenance.csv,csv,ffeec9113aecdf31baf95bc49476bcf1d1c5d717e41549bd9b5348713abf59ae,1488,6,VER04_R01_Revision_Provenance,IMPORTED_CSV
ANNEX-0291,OFG_Engineering_Atlas_Rev0_BUILD03_STRUC01_EMBED01_OPEN01_IWP01_LOG02_TOL02_FM11_VER05/BUILD03_R01_F101_Elevation_Bands.csv,BUILD03_R01_F101_Elevation_Bands.csv,csv,5a4770e7d7e36f8aa8b3c87e728751953e258b13931470b2a6a62fcc072b8e4a,972,7,BUILD03_R01_F101_Elevation_Bands,IMPORTED_CSV
ANNEX-0292,OFG_Engineering_Atlas_Rev0_BUILD03_STRUC01_EMBED01_OPEN01_IWP01_LOG02_TOL02_FM11_VER05/BUILD03_R02_F101_Toroidal_Coordination_Sectors.csv,BUILD03_R02_F101_Toroidal_Coordination_Sectors.csv,csv,5f83b0a3a16a2df51a463c9aa6ca777e75e305fe172d6b3b2cd364a88da0939c,2214,16,BUILD03_R02_F101_Toroidal_Coordination_Sectors,IMPORTED_CSV
ANNEX-0293,OFG_Engineering_Atlas_Rev0_BUILD03_STRUC01_EMBED01_OPEN01_IWP01_LOG02_TOL02_FM11_VER05/EMBED01_R01_Embed_Type_Register.csv,EMBED01_R01_Embed_Type_Register.csv,csv,f5f44674c741d8de9b53f43094f11fb07262b62eb87809157afa927de583ced0,1915,9,EMBED01_R01_Embed_Type_Register,IMPORTED_CSV
ANNEX-0294,OFG_Engineering_Atlas_Rev0_BUILD03_STRUC01_EMBED01_OPEN01_IWP01_LOG02_TOL02_FM11_VER05/EMBED01_R02_PrePour_Hold_Point_Packet.csv,EMBED01_R02_PrePour_Hold_Point_Packet.csv,csv,d7f3cbeabbb178f7e0c2d2708def8462dcb22455d05de92836195d5877df4300,1057,10,EMBED01_R02_PrePour_Hold_Point_Packet,IMPORTED_CSV
ANNEX-0295,OFG_Engineering_Atlas_Rev0_BUILD03_STRUC01_EMBED01_OPEN01_IWP01_LOG02_TOL02_FM11_VER05/FM11_R01_F101_Stage_Model_Contract.csv,FM11_R01_F101_Stage_Model_Contract.csv,csv,91bbf6d77ac246c2e41dd502e828681c14197d35c2350d8c92d46a593736af1e,1705,8,FM11_R01_F101_Stage_Model_Contract,IMPORTED_CSV
ANNEX-0296,OFG_Engineering_Atlas_Rev0_BUILD03_STRUC01_EMBED01_OPEN01_IWP01_LOG02_TOL02_FM11_VER05/IWP01_R01_Sector_Erection_Workpacks.csv,IWP01_R01_Sector_Erection_Workpacks.csv,csv,457fde284d630aa3cc4707f5c0082b60519f84405b5a7375cdec1245fa73d0e7,5613,16,IWP01_R01_Sector_Erection_Workpacks,IMPORTED_CSV
ANNEX-0297,OFG_Engineering_Atlas_Rev0_BUILD03_STRUC01_EMBED01_OPEN01_IWP01_LOG02_TOL02_FM11_VER05/IWP01_R02_Rolling_Field_Joining.csv,IWP01_R02_Rolling_Field_Joining.csv,csv,175c5518881cd6dca50980de08019adf35a723d72e61bcf328a98b71b3661980,5927,16,IWP01_R02_Rolling_Field_Joining,IMPORTED_CSV
ANNEX-0298,OFG_Engineering_Atlas_Rev0_BUILD03_STRUC01_EMBED01_OPEN01_IWP01_LOG02_TOL02_FM11_VER05/LOG02_R01_Heavy_Logistics_Data_Contract.csv,LOG02_R01_Heavy_Logistics_Data_Contract.csv,csv,bf33e18f57c0ddcf0c1147808696542905d6f74f7e80b94a7c19221ece054d8b,1440,12,LOG02_R01_Heavy_Logistics_Data_Contract,IMPORTED_CSV
ANNEX-0299,OFG_Engineering_Atlas_Rev0_BUILD03_STRUC01_EMBED01_OPEN01_IWP01_LOG02_TOL02_FM11_VER05/OPEN01_R01_F101_Opening_Lifecycle.csv,OPEN01_R01_F101_Opening_Lifecycle.csv,csv,c5a484dc981fae51d54741e56cba85aa4f975bfe0c534df9a0b4bfd2ee06b2e5,1794,8,OPEN01_R01_F101_Opening_Lifecycle,IMPORTED_CSV
ANNEX-0300,OFG_Engineering_Atlas_Rev0_BUILD03_STRUC01_EMBED01_OPEN01_IWP01_LOG02_TOL02_FM11_VER05/STRUC01_R01_F101_Structural_Object_Skeleton.csv,STRUC01_R01_F101_Structural_Object_Skeleton.csv,csv,cd967e0d943a1bf3bcce2ebe8ccf8e84f6319649aa0d085d0645b53b4b359718,13225,68,STRUC01_R01_F101_Structural_Object_Skeleton,IMPORTED_CSV
ANNEX-0301,OFG_Engineering_Atlas_Rev0_BUILD03_STRUC01_EMBED01_OPEN01_IWP01_LOG02_TOL02_FM11_VER05/TOL02_R01_F101_Machine_Tolerance_Chain.csv,TOL02_R01_F101_Machine_Tolerance_Chain.csv,csv,d272baa9c4fadc190d385f48b5a1e115b477bbed2f5bc42497072c5ad4cb2e06,1204,11,TOL02_R01_F101_Machine_Tolerance_Chain,IMPORTED_CSV
ANNEX-0302,OFG_Engineering_Atlas_Rev0_BUILD03_STRUC01_EMBED01_OPEN01_IWP01_LOG02_TOL02_FM11_VER05/TOL02_R02_Verification_Equations.csv,TOL02_R02_Verification_Equations.csv,csv,abb202b6affa3d3c47f9a94bc139b0a9b79f93b62d1e5ef1d965d3e2a2ef9da2,561,5,TOL02_R02_Verification_Equations,IMPORTED_CSV
ANNEX-0303,OFG_Engineering_Atlas_Rev0_BUILD03_STRUC01_EMBED01_OPEN01_IWP01_LOG02_TOL02_FM11_VER05/VER05_R00_Source_Evidence_Register.csv,VER05_R00_Source_Evidence_Register.csv,csv,1136c3ed91f2cc4216d4c44b22378f629c7beebbfb479901d5fb2633798c8d35,2739,11,VER05_R00_Source_Evidence_Register,IMPORTED_CSV
ANNEX-0304,OFG_Engineering_Atlas_Rev0_BUILD03_STRUC01_EMBED01_OPEN01_IWP01_LOG02_TOL02_FM11_VER05/VER05_R01_Findings.csv,VER05_R01_Findings.csv,csv,458fe74338a793ba364d56a63c8c9ce845dbc65f2c98c90c48a6f8ece98e4b31,1902,10,VER05_R01_Findings,IMPORTED_CSV
ANNEX-0305,OFG_Engineering_Atlas_Rev0_BUILD03_STRUC01_EMBED01_OPEN01_IWP01_LOG02_TOL02_FM11_VER05/VER05_R02_Backward_Propagation.csv,VER05_R02_Backward_Propagation.csv,csv,99be3966835f537547e2f2aacf034604452afaa8e8db91299c10324f32a5b046,1346,10,VER05_R02_Backward_Propagation,IMPORTED_CSV
ANNEX-0306,OFG_Engineering_Atlas_Rev0_BUILD03_STRUC01_EMBED01_OPEN01_IWP01_LOG02_TOL02_FM11_VER05/VER05_R03_Canon_Decision_Conflict_Register.csv,VER05_R03_Canon_Decision_Conflict_Register.csv,csv,9a7b3e1143ac713adec6ff56fba23e603657e419c9f695ceb4b877345c934b61,1031,7,VER05_R03_Canon_Decision_Conflict_Register,IMPORTED_CSV
ANNEX-0307,OFG_Engineering_Atlas_Rev0_F101_DETAIL01_VALID01_VER06/PORT01_R01_F101_Port_Interface_Families.csv,PORT01_R01_F101_Port_Interface_Families.csv,csv,7895b28d8c69fb5d9a9877144f8e2bed4085a8d3c68c5c05004c4c9a759bce97,7351,48,PORT01_R01_F101_Port_Interface_Families,IMPORTED_CSV
ANNEX-0308,OFG_Engineering_Atlas_Rev0_F101_DETAIL01_VALID01_VER06/SUPPORT01_R01_Machine_Support_Stations.csv,SUPPORT01_R01_Machine_Support_Stations.csv,csv,cf3f8adee265afca35631de74f47a533c8bc66fc91633674b21b91463b80da76,5064,16,SUPPORT01_R01_Machine_Support_Stations,IMPORTED_CSV
ANNEX-0309,OFG_Engineering_Atlas_Rev0_F101_DETAIL01_VALID01_VER06/VALID01_R01_Discipline_Research_Matrix.csv,VALID01_R01_Discipline_Research_Matrix.csv,csv,745c93f425b6f0e773405e9c890bff907c0b26df305053af1ded5294e31492a9,2347,12,VALID01_R01_Discipline_Research_Matrix,IMPORTED_CSV
ANNEX-0310,OFG_Engineering_Atlas_Rev0_F101_DETAIL01_VALID01_VER06/VALID01_R02_Master_Validation_Test_Catalog.csv,VALID01_R02_Master_Validation_Test_Catalog.csv,csv,b249e6077827b2cfea1251ffb0fcd70b36546cb22fb892a8bce79904ffa4881e,4795,25,VALID01_R02_Master_Validation_Test_Catalog,IMPORTED_CSV
ANNEX-0311,OFG_Engineering_Atlas_Rev0_F101_DETAIL01_VALID01_VER06/VALID01_R03_Executed_Graph_Tests.csv,VALID01_R03_Executed_Graph_Tests.csv,csv,801cde2ae678d57b621e6fe9fdcb7ff0eb22b35f15f1e9840249981fe978b040,259,1,VALID01_R03_Executed_Graph_Tests,IMPORTED_CSV
ANNEX-0312,OFG_Engineering_Atlas_Rev0_F101_DETAIL01_VALID01_VER06/VALID01_R04_MonteCarlo_Harness.csv,VALID01_R04_MonteCarlo_Harness.csv,csv,6cb46087ac416e63d68c22268571331d0be49cef190eb752e786446dadd28be9,309,1,VALID01_R04_MonteCarlo_Harness,IMPORTED_CSV
ANNEX-0313,OFG_Engineering_Atlas_Rev0_F101_DETAIL01_VALID01_VER06/VALID01_R05_Cross_Domain_Coupling_Matrix.csv,VALID01_R05_Cross_Domain_Coupling_Matrix.csv,csv,2abe512654aa2441d521e5e1f8ab02294d6bb54e35957c8c3f644efd78660dc6,1615,12,VALID01_R05_Cross_Domain_Coupling_Matrix,IMPORTED_CSV
ANNEX-0314,OFG_Engineering_Atlas_Rev0_F101_DETAIL01_VALID01_VER06/VALID01_R06_Test_Run_Metadata.json,VALID01_R06_Test_Run_Metadata.json,json,664fdd5d00ce6e3572c2f7ab523ccdff2494d2636358b4d2dd06e94aab4aa868,415,1,VALID01_R06_Test_Run_Metadata_json,IMPORTED_JSON
ANNEX-0315,OFG_Engineering_Atlas_Rev0_F101_DETAIL01_VALID01_VER06/VER06_R01_Backward_Propagation.csv,VER06_R01_Backward_Propagation.csv,csv,519d1fd5a3581c6bee00e0f290320a6ee86b48864c409144a882b46c9cdac348,1679,8,VER06_R01_Backward_Propagation,IMPORTED_CSV
ANNEX-0316,OFG_Engineering_Atlas_Rev0_F101_DETAIL01_VALID01_VER06/VER06_R02_Canon_Decision_Conflict_Register.csv,VER06_R02_Canon_Decision_Conflict_Register.csv,csv,841cc914beb7b16b1ff04070bff7dc77ede1ec3626165f39a5f20627113cd177,1178,8,VER06_R02_Canon_Decision_Conflict_Register,IMPORTED_CSV
ANNEX-0317,OFG_Engineering_Atlas_Rev0_FM01_Fusion_Machine/FM_R01_Component_Placement.csv,FM_R01_Component_Placement.csv,csv,a44591f420299127cd54beaa583369c557ad2f2274d56f08e7c345bd095e18d9,12047,130,FM_R01_Component_Placement,IMPORTED_CSV
ANNEX-0318,OFG_Engineering_Atlas_Rev0_FM01_Fusion_Machine/FM_R02_Radial_Stack_Verification.csv,FM_R02_Radial_Stack_Verification.csv,csv,091f89bbb68bd504d9e630f56d3d4b75ba2358d3cb41f0c323418e1d36bc95aa,473,7,FM_R02_Radial_Stack_Verification,IMPORTED_CSV
ANNEX-0319,OFG_Engineering_Atlas_Rev0_FM01_Fusion_Machine/FM_R03_Verification_Matrix.csv,FM_R03_Verification_Matrix.csv,csv,ce41bf7bf9ce295ca716d303791719f0754952c52d1d606793fa7dfce9337a06,1868,12,FM_R03_Verification_Matrix,IMPORTED_CSV
ANNEX-0320,OFG_Engineering_Atlas_Rev0_FM01_Fusion_Machine/FM_R04_Port_Reservation_Ledger.csv,FM_R04_Port_Reservation_Ledger.csv,csv,326649dee237e0156ddc7df7c70da478671b93f0041bfd3ff50f0b99e9437da3,14235,128,FM_R04_Port_Reservation_Ledger,IMPORTED_CSV
ANNEX-0321,OFG_Engineering_Atlas_Rev0_FM01_Fusion_Machine/FM_R05_Fusion_Machine_Graph.json,FM_R05_Fusion_Machine_Graph.json,json,03d1e868246b308060da0adc3bff802e63aacb69d573c29dd540956bb717750f,66594,1,FM_R05_Fusion_Machine_Graph_json,IMPORTED_JSON
ANNEX-0322,OFG_Engineering_Atlas_Rev0_FM01_Fusion_Machine/FM_R06_Backward_Propagation_Register.csv,FM_R06_Backward_Propagation_Register.csv,csv,84f8efec8a6245291b03fbac3ec2fa95dfd0c1245fb75e0352c80fe1ad6da52b,794,3,FM_R06_Backward_Propagation_Register,IMPORTED_CSV
ANNEX-0323,OFG_Engineering_Atlas_Rev0_FM02_Magnets_Cryogenics/FM02_R01_Quench_Discharge_Sensitivity.csv,FM02_R01_Quench_Discharge_Sensitivity.csv,csv,f2922566af1d39292b2ceea166becfda240f6b781474f65c90d114cec3faac31,314,5,FM02_R01_Quench_Discharge_Sensitivity,IMPORTED_CSV
ANNEX-0324,OFG_Engineering_Atlas_Rev0_FM02_Magnets_Cryogenics/FM02_R02_Cryogenic_Branch_Sensitivity.csv,FM02_R02_Cryogenic_Branch_Sensitivity.csv,csv,22203626a36e0ec7181ff46df9dca4e3ef065437dd8b6833b649a99a41dab768,266,5,FM02_R02_Cryogenic_Branch_Sensitivity,IMPORTED_CSV
ANNEX-0325,OFG_Engineering_Atlas_Rev0_FM02_Magnets_Cryogenics/FM02_R03_Feeder_Coordinates.csv,FM02_R03_Feeder_Coordinates.csv,csv,bbf8db947d17d16b75d56950b17e2e742a9f2e5d87ed10bf0a4dbc34d3d75112,5248,48,FM02_R03_Feeder_Coordinates,IMPORTED_CSV
ANNEX-0326,OFG_Engineering_Atlas_Rev0_FM02_Magnets_Cryogenics/FM02_R04_FDU_Coordinates.csv,FM02_R04_FDU_Coordinates.csv,csv,458621d6e505e799e52639775234ae9575c5f40455c7411ca7dc7690329e2d95,939,16,FM02_R04_FDU_Coordinates,IMPORTED_CSV
ANNEX-0327,OFG_Engineering_Atlas_Rev0_FM02_Magnets_Cryogenics/FM02_R05_Verification_Matrix.csv,FM02_R05_Verification_Matrix.csv,csv,13c07a854ecc85502247d5b698da8e7d1a638167b02b99f8428e3ee50cf78cca,1897,12,FM02_R05_Verification_Matrix,IMPORTED_CSV
ANNEX-0328,OFG_Engineering_Atlas_Rev0_FM02_Magnets_Cryogenics/FM02_R06_Interface_Graph.csv,FM02_R06_Interface_Graph.csv,csv,d50481f021c9c4c935747d1c5d38f8ac5d6884885966a49269619c5e7ec8785b,3651,64,FM02_R06_Interface_Graph,IMPORTED_CSV
ANNEX-0329,OFG_Engineering_Atlas_Rev0_FM02_Magnets_Cryogenics/FM02_R07_Backward_Propagation.csv,FM02_R07_Backward_Propagation.csv,csv,bda6a9a296cde6e74b12030bcc8be3fe30826a65b1ec14b91242b0daca6e6619,631,3,FM02_R07_Backward_Propagation,IMPORTED_CSV
ANNEX-0330,OFG_Engineering_Atlas_Rev0_FM03_TF_Conductor_Quench/FM03_R01_Hotspot_Sensitivity.csv,FM03_R01_Hotspot_Sensitivity.csv,csv,eda9e87ac584504416029d08db7137ecf410245dabaad64dfe28cb23e2e174ed,1718,36,FM03_R01_Hotspot_Sensitivity,IMPORTED_CSV
ANNEX-0331,OFG_Engineering_Atlas_Rev0_FM03_TF_Conductor_Quench/FM03_R02_Mutual_Inductance_Mode_Screen.csv,FM03_R02_Mutual_Inductance_Mode_Screen.csv,csv,1a4faec2ba77b4482834a33f6b3abf2f5537a15e2a1b00bde45d9c36bb52aff2,225,3,FM03_R02_Mutual_Inductance_Mode_Screen,IMPORTED_CSV
ANNEX-0332,OFG_Engineering_Atlas_Rev0_FM03_TF_Conductor_Quench/FM03_R03_Discharge_Insulation_Screen.csv,FM03_R03_Discharge_Insulation_Screen.csv,csv,9a25f08352766fc248d1eb67933a51446ed796049e5a17c32b49ac86e07cb93a,287,5,FM03_R03_Discharge_Insulation_Screen,IMPORTED_CSV
ANNEX-0333,OFG_Engineering_Atlas_Rev0_FM03_TF_Conductor_Quench/FM03_R04_CICC_Cooling_Screen.csv,FM03_R04_CICC_Cooling_Screen.csv,csv,332c413b95e17f3278cf556c4e46afcdea5ca05b35768497dcac89c400656ddb,272,5,FM03_R04_CICC_Cooling_Screen,IMPORTED_CSV
ANNEX-0334,OFG_Engineering_Atlas_Rev0_FM03_TF_Conductor_Quench/FM03_R05_Manufacturing_Digital_Thread.csv,FM03_R05_Manufacturing_Digital_Thread.csv,csv,660fc4f721d5df45de39388273e05c7ebd53d8812808d2ebe852e959bfa5b0ed,931,9,FM03_R05_Manufacturing_Digital_Thread,IMPORTED_CSV
ANNEX-0335,OFG_Engineering_Atlas_Rev0_FM03_TF_Conductor_Quench/FM03_R06_Verification_Matrix.csv,FM03_R06_Verification_Matrix.csv,csv,4d56833b30d3d89692b879d6385e9fa4e1a2061b8394adec43af6fed8a569eb0,2080,12,FM03_R06_Verification_Matrix,IMPORTED_CSV
ANNEX-0336,OFG_Engineering_Atlas_Rev0_FM03_TF_Conductor_Quench/FM03_R07_Information_Provenance_Flow.csv,FM03_R07_Information_Provenance_Flow.csv,csv,953a68f33f3316fcb9278209d413ecfd6af58be8a628be69a0878f95dab8e411,1439,5,FM03_R07_Information_Provenance_Flow,IMPORTED_CSV
ANNEX-0337,OFG_Engineering_Atlas_Rev0_FM03_TF_Conductor_Quench/FM03_R08_Backward_Propagation.csv,FM03_R08_Backward_Propagation.csv,csv,a422abbb9bb15c61166b1f25385ed1a273d078e8892c7584015cfa0a29c496fe,963,4,FM03_R08_Backward_Propagation,IMPORTED_CSV
ANNEX-0338,OFG_Engineering_Atlas_Rev0_FM04_VV_Cryostat_Structures/FM04_R01_VV_Gravity_Support_Coordinates.csv,FM04_R01_VV_Gravity_Support_Coordinates.csv,csv,303a851a2388efc6501b0c8d4b7c862dba21b463fe409a68c836254f43f0a1d2,1412,16,FM04_R01_VV_Gravity_Support_Coordinates,IMPORTED_CSV
ANNEX-0339,OFG_Engineering_Atlas_Rev0_FM04_VV_Cryostat_Structures/FM04_R02_VV_Field_Joint_Ledger.csv,FM04_R02_VV_Field_Joint_Ledger.csv,csv,2ecef95cb99c2ce4643190b151affe6c8b60f0db4741d20c99c2e5f0fe6e1328,964,16,FM04_R02_VV_Field_Joint_Ledger,IMPORTED_CSV
ANNEX-0340,OFG_Engineering_Atlas_Rev0_FM04_VV_Cryostat_Structures/FM04_R03_Cryostat_Port_Area_Screen.csv,FM04_R03_Cryostat_Port_Area_Screen.csv,csv,526a051a5d106c96251e2fa48e20982fcc59a3baff0da08892e588cc0cdc8bd5,438,4,FM04_R03_Cryostat_Port_Area_Screen,IMPORTED_CSV
ANNEX-0341,OFG_Engineering_Atlas_Rev0_FM04_VV_Cryostat_Structures/FM04_R04_Cryostat_Buckling_Sensitivity.csv,FM04_R04_Cryostat_Buckling_Sensitivity.csv,csv,35fa05ba21aa6df940703f357369e231f258df9a235904026c1c480cd9ce8231,319,6,FM04_R04_Cryostat_Buckling_Sensitivity,IMPORTED_CSV
ANNEX-0342,OFG_Engineering_Atlas_Rev0_FM04_VV_Cryostat_Structures/FM04_R05_Support_Stiffness_Sensitivity.csv,FM04_R05_Support_Stiffness_Sensitivity.csv,csv,b405549610c1859356b27fe1511df33acf24d8c11309bd153f6a46d6abbe0c92,220,4,FM04_R05_Support_Stiffness_Sensitivity,IMPORTED_CSV
ANNEX-0343,OFG_Engineering_Atlas_Rev0_FM04_VV_Cryostat_Structures/FM04_R06_Verification_Matrix.csv,FM04_R06_Verification_Matrix.csv,csv,840c1418244b567c1cb3f3a76e91282f1c91adf00fbf14eac4e63769f0c5d9ca,2092,12,FM04_R06_Verification_Matrix,IMPORTED_CSV
ANNEX-0344,OFG_Engineering_Atlas_Rev0_FM04_VV_Cryostat_Structures/FM04_R07_VV_Interspace_Functions.csv,FM04_R07_VV_Interspace_Functions.csv,csv,5d98802a45a62eb43c84d949eaec5a185ed866bab2ffc6dfd943edb88770df3a,439,5,FM04_R07_VV_Interspace_Functions,IMPORTED_CSV
ANNEX-0345,OFG_Engineering_Atlas_Rev0_FM04_VV_Cryostat_Structures/FM04_R08_Information_Provenance.csv,FM04_R08_Information_Provenance.csv,csv,c7379d0b96b768b004cd11b1b67befffae8782d6ceb93a8122f2895370cc44e2,1498,5,FM04_R08_Information_Provenance,IMPORTED_CSV
ANNEX-0346,OFG_Engineering_Atlas_Rev0_FM04_VV_Cryostat_Structures/FM04_R09_Backward_Propagation.csv,FM04_R09_Backward_Propagation.csv,csv,6b67fe829b18ce70d9647e47e9b74d5674e4e790c678c6e6d77b4e48542e3dfe,1125,5,FM04_R09_Backward_Propagation,IMPORTED_CSV
ANNEX-0347,OFG_Engineering_Atlas_Rev0_PHTS01_FM05_Primary_Heat_Structural_Loadpath/FM05_R01_Blanket_Segment_Loads.csv,FM05_R01_Blanket_Segment_Loads.csv,csv,93c552fad4c5ba0be7b822499d7b384b4076cd7e05491fdded311e67817bc658,7697,80,FM05_R01_Blanket_Segment_Loads,IMPORTED_CSV
ANNEX-0348,OFG_Engineering_Atlas_Rev0_PHTS01_FM05_Primary_Heat_Structural_Loadpath/FM05_R02_VV_Support_Stations.csv,FM05_R02_VV_Support_Stations.csv,csv,23a206eb60d995ffb963a617802855bac58bb8b51f27af61d0413452f2da5345,1364,16,FM05_R02_VV_Support_Stations,IMPORTED_CSV
ANNEX-0349,OFG_Engineering_Atlas_Rev0_PHTS01_FM05_Primary_Heat_Structural_Loadpath/FM05_R03_Load_Path_Graph.csv,FM05_R03_Load_Path_Graph.csv,csv,04bcce9ecdff00d70dd9c661219d28d7ffe98fdd657aa79a8997f0088e05889d,1037,10,FM05_R03_Load_Path_Graph,IMPORTED_CSV
ANNEX-0350,OFG_Engineering_Atlas_Rev0_PHTS01_FM05_Primary_Heat_Structural_Loadpath/FM05_R04_Load_Case_Register.csv,FM05_R04_Load_Case_Register.csv,csv,51a6f67b79a13410d47c96c720f19783d811bfec7d983ddda112256c2d797738,965,10,FM05_R04_Load_Case_Register,IMPORTED_CSV
ANNEX-0351,OFG_Engineering_Atlas_Rev0_PHTS01_FM05_Primary_Heat_Structural_Loadpath/PHTS01_FM05_R05_Research_Register.csv,PHTS01_FM05_R05_Research_Register.csv,csv,cc554b546e396dd10bdc2ad2fc541534f69ed840def21f74553443e0e08545a8,1982,10,PHTS01_FM05_R05_Research_Register,IMPORTED_CSV
ANNEX-0352,OFG_Engineering_Atlas_Rev0_PHTS01_FM05_Primary_Heat_Structural_Loadpath/PHTS01_FM05_R06_Information_Provenance.csv,PHTS01_FM05_R06_Information_Provenance.csv,csv,962c11ca040aadca9bace7de2e20e61adeaa588ec2804df602f033dd72ce67d2,1612,6,PHTS01_FM05_R06_Information_Provenance,IMPORTED_CSV
ANNEX-0353,OFG_Engineering_Atlas_Rev0_PHTS01_FM05_Primary_Heat_Structural_Loadpath/PHTS01_FM05_R07_Backward_Propagation.csv,PHTS01_FM05_R07_Backward_Propagation.csv,csv,c4d5e4aba4220e1861468c1b87647b549fc845aa7677ee026a207ba993fa84d9,1697,7,PHTS01_FM05_R07_Backward_Propagation,IMPORTED_CSV
ANNEX-0354,OFG_Engineering_Atlas_Rev0_PHTS01_FM05_Primary_Heat_Structural_Loadpath/PHTS01_FM05_R08_Canon_Decision_Conflict.csv,PHTS01_FM05_R08_Canon_Decision_Conflict.csv,csv,62e94073ae67b1d55b110ced822aa90191ded6cf40b9b3dcd2740f7ababd1c84,1255,6,PHTS01_FM05_R08_Canon_Decision_Conflict,IMPORTED_CSV
ANNEX-0355,OFG_Engineering_Atlas_Rev0_PHTS01_FM05_Primary_Heat_Structural_Loadpath/PHTS01_FM05_R09_Verification.csv,PHTS01_FM05_R09_Verification.csv,csv,9fe42ca52e41c1003ddc0bc49132b98649c18b78a8feaac96075c0d8fb871f50,1391,12,PHTS01_FM05_R09_Verification,IMPORTED_CSV
ANNEX-0356,OFG_Engineering_Atlas_Rev0_PHTS01_FM05_Primary_Heat_Structural_Loadpath/PHTS01_R01_Functional_Breakdown.csv,PHTS01_R01_Functional_Breakdown.csv,csv,105bfed0c57d9486d3ea063370654c967443eea714d28132ee1027cb0c18de71,1622,12,PHTS01_R01_Functional_Breakdown,IMPORTED_CSV
ANNEX-0357,OFG_Engineering_Atlas_Rev0_PHTS01_FM05_Primary_Heat_Structural_Loadpath/PHTS01_R02_Main_Pipe_Sizing.csv,PHTS01_R02_Main_Pipe_Sizing.csv,csv,2c33874eed54fc5e022bb9a3dd6252c6569d885ddd16011328135cdf114a932e,300,5,PHTS01_R02_Main_Pipe_Sizing,IMPORTED_CSV
ANNEX-0358,OFG_Engineering_Atlas_Rev0_PHTS01_FM05_Primary_Heat_Structural_Loadpath/PHTS01_R03_Pump_Power_Sensitivity.csv,PHTS01_R03_Pump_Power_Sensitivity.csv,csv,4d29366e93b02915df3196043071e7cf9549802016c54679dfbad7cbbd14aec9,247,5,PHTS01_R03_Pump_Power_Sensitivity,IMPORTED_CSV
ANNEX-0359,OFG_Engineering_Atlas_Rev0_PHTS01_FM05_Primary_Heat_Structural_Loadpath/PHTS01_R04_Thermal_Expansion.csv,PHTS01_R04_Thermal_Expansion.csv,csv,115329e2610f3a6a3a786b1d53c1a3f6adbf9a360f10847646ec7025c5666cbf,306,12,PHTS01_R04_Thermal_Expansion,IMPORTED_CSV
ANNEX-0360,OFG_Engineering_Atlas_Rev0_PHTS01_FM05_Primary_Heat_Structural_Loadpath/PHTS01_R05_Primary_Inventory.csv,PHTS01_R05_Primary_Inventory.csv,csv,c63e8694f4c7603c9ac63639b9c40db02e329bf36f74e34eefb5f8eccc30c0a9,364,3,PHTS01_R05_Primary_Inventory,IMPORTED_CSV
ANNEX-0361,OFG_Engineering_Atlas_Rev0_PHTS01_FM05_Primary_Heat_Structural_Loadpath/PHTS01_R06_Pressurizer_Surge_Sensitivity.csv,PHTS01_R06_Pressurizer_Surge_Sensitivity.csv,csv,c3d97abd202e32a97ff409a205f8c7673703ba232af4cec63cb26bcaa323b0fc,140,4,PHTS01_R06_Pressurizer_Surge_Sensitivity,IMPORTED_CSV
ANNEX-0362,OFG_Engineering_Atlas_Rev0_PHTS01_FM05_Primary_Heat_Structural_Loadpath/PHTS01_R07_HX_Duty_Sensitivity.csv,PHTS01_R07_HX_Duty_Sensitivity.csv,csv,49a3eba1319a6e7b258be6faa907e302db21380882a67118e4e1104d406503d1,56,3,PHTS01_R07_HX_Duty_Sensitivity,IMPORTED_CSV
ANNEX-0363,OFG_Engineering_Atlas_Rev0_PHTS02_FM06_SITESEIS01/FM06_R01_Stiffness_Support_Reactions.csv,FM06_R01_Stiffness_Support_Reactions.csv,csv,7f6a2c46a3abb6b3de5022c05e934f70510a9120e82651b772019574fcf78f1b,1149,16,FM06_R01_Stiffness_Support_Reactions,IMPORTED_CSV
ANNEX-0364,OFG_Engineering_Atlas_Rev0_PHTS02_FM06_SITESEIS01/PHTS02_FM06_SITE_R05_Backward_Propagation.csv,PHTS02_FM06_SITE_R05_Backward_Propagation.csv,csv,8e829cdb853df989036ac19e223159d79bf7ea749cf2a18219ca731d3a921442,1396,6,PHTS02_FM06_SITE_R05_Backward_Propagation,IMPORTED_CSV
ANNEX-0365,OFG_Engineering_Atlas_Rev0_PHTS02_FM06_SITESEIS01/PHTS02_FM06_SITE_R06_Decision_Register.csv,PHTS02_FM06_SITE_R06_Decision_Register.csv,csv,5e5def2a4e6f3a7b1c5fc6598e3fdd1a25c3aeb3b39d67fce06ecff752b24e7e,859,6,PHTS02_FM06_SITE_R06_Decision_Register,IMPORTED_CSV
ANNEX-0366,OFG_Engineering_Atlas_Rev0_PHTS02_FM06_SITESEIS01/PHTS02_FM06_SITE_R07_Verification.csv,PHTS02_FM06_SITE_R07_Verification.csv,csv,5698025153dde30709a9e91bb5880de1e262d6787ae0bae7ea18dca67f3d3227,966,8,PHTS02_FM06_SITE_R07_Verification,IMPORTED_CSV
ANNEX-0367,OFG_Engineering_Atlas_Rev0_PHTS02_FM06_SITESEIS01/PHTS02_R01_Equipment_Register.csv,PHTS02_R01_Equipment_Register.csv,csv,0a7d10910e8d75b7e6bc8de2f0e1d2f0a0eb16c6af3581afbbe92203d698018f,973,11,PHTS02_R01_Equipment_Register,IMPORTED_CSV
ANNEX-0368,OFG_Engineering_Atlas_Rev0_PHTS02_FM06_SITESEIS01/PHTS02_R02_Nodes.csv,PHTS02_R02_Nodes.csv,csv,0ca56e22588899a8e1ea63cb147520346d4d7a745fda73c9d62a3f51da42b109,3163,128,PHTS02_R02_Nodes,IMPORTED_CSV
ANNEX-0369,OFG_Engineering_Atlas_Rev0_PHTS02_FM06_SITESEIS01/PHTS02_R03_Connections.csv,PHTS02_R03_Connections.csv,csv,f28ae6ccb15193b93de20648e9bd349a21f7e1c4e7d1152dab36e39a56187d9a,6701,204,PHTS02_R03_Connections,IMPORTED_CSV
ANNEX-0370,OFG_Engineering_Atlas_Rev0_PHTS02_FM06_SITESEIS01/PHTS02_R04_Steady_Hydraulic_Screen.csv,PHTS02_R04_Steady_Hydraulic_Screen.csv,csv,27a62ea6db6a68f91bc45ad26b16bdcbd0524fe60fc7939833d4b21213c3a0eb,917,14,PHTS02_R04_Steady_Hydraulic_Screen,IMPORTED_CSV
ANNEX-0371,OFG_Engineering_Atlas_Rev0_PHTS02_FM06_SITESEIS01/PHTS02_R05_Pump_Trip_Transient.csv,PHTS02_R05_Pump_Trip_Transient.csv,csv,1baed71db99591eaec3e51e95ecd62e1bb7c61aa50fc8657c496dd38c7b2d079,14053,241,PHTS02_R05_Pump_Trip_Transient,IMPORTED_CSV
ANNEX-0372,OFG_Engineering_Atlas_Rev0_PHTS02_FM06_SITESEIS01/PHTS02_R06_Waterhammer_Screen.csv,PHTS02_R06_Waterhammer_Screen.csv,csv,37229e7364151f08f37f808653b806eb0663b03945036f804124e170e9c50f49,122,3,PHTS02_R06_Waterhammer_Screen,IMPORTED_CSV
ANNEX-0373,OFG_Engineering_Atlas_Rev0_PHTS02_FM06_SITESEIS01/SITESEIS01_R01_Stratigraphy.csv,SITESEIS01_R01_Stratigraphy.csv,csv,c41c283066f697e9656cc22325fe34f81abb03d7b2fec9b876c094137f4756b3,837,5,SITESEIS01_R01_Stratigraphy,IMPORTED_CSV
ANNEX-0374,OFG_Engineering_Atlas_Rev0_PHTS02_FM06_SITESEIS01/SITESEIS01_R02_Constraints.csv,SITESEIS01_R02_Constraints.csv,csv,b6f4b68be0c4e3dfdf70148705e6a6c10918d15fe5472c05ac64db3c8d4620ae,1224,8,SITESEIS01_R02_Constraints,IMPORTED_CSV
ANNEX-0375,OFG_Engineering_Atlas_Rev0_PHTS02_FM06_SITESEIS01/SITESEIS01_R03_Foundation_Coordinates.csv,SITESEIS01_R03_Foundation_Coordinates.csv,csv,0e74e438fa25df05c93b810687033dfc9899a30fcd06d2088372c71a96b92106,355,4,SITESEIS01_R03_Foundation_Coordinates,IMPORTED_CSV
ANNEX-0376,OFG_Engineering_Atlas_Rev0_PHTS02_FM06_SITESEIS01/SITESEIS01_R04_SSI_Sensitivity.csv,SITESEIS01_R04_SSI_Sensitivity.csv,csv,65fc408922e604c9fce75189c3d9f1c9a96f5f76f40bb20dbe993fe7bf23dd64,377,5,SITESEIS01_R04_SSI_Sensitivity,IMPORTED_CSV
ANNEX-0377,OFG_Engineering_Atlas_Rev0_PHTS03_FM07_SITE02/FM07_R01_SSI_Stiffness_Sensitivity.csv,FM07_R01_SSI_Stiffness_Sensitivity.csv,csv,2127f7aaaa99a3fb5a4586fc3c66b57e9119aed4d55f56bf5081b44fe8bdc89f,440,4,FM07_R01_SSI_Stiffness_Sensitivity,IMPORTED_CSV
ANNEX-0378,OFG_Engineering_Atlas_Rev0_PHTS03_FM07_SITE02/FM07_R02_Thermal_Expansion.csv,FM07_R02_Thermal_Expansion.csv,csv,ac017f233f6f4e7e20ab66ce7b223f712effcc65d2747f774deb9107b51a159f,129,4,FM07_R02_Thermal_Expansion,IMPORTED_CSV
ANNEX-0379,OFG_Engineering_Atlas_Rev0_PHTS03_FM07_SITE02/PHTS03_FM07_SITE02_R07_Research.csv,PHTS03_FM07_SITE02_R07_Research.csv,csv,e860a2c8fd65fd008e6bfd09d03f980d5e9cc9476a03ee23ad0cc343d47238e4,951,5,PHTS03_FM07_SITE02_R07_Research,IMPORTED_CSV
ANNEX-0380,OFG_Engineering_Atlas_Rev0_PHTS03_FM07_SITE02/PHTS03_FM07_SITE02_R08_Backward_Propagation.csv,PHTS03_FM07_SITE02_R08_Backward_Propagation.csv,csv,8c8469eb269987ad565efcabab75e2923da55d84d593a6c61e3e4bf012d415c7,1111,5,PHTS03_FM07_SITE02_R08_Backward_Propagation,IMPORTED_CSV
ANNEX-0381,OFG_Engineering_Atlas_Rev0_PHTS03_FM07_SITE02/PHTS03_FM07_SITE02_R09_Decisions.csv,PHTS03_FM07_SITE02_R09_Decisions.csv,csv,7d8545a671a344031ba725bd675ee7fa5d514164a42385ce5ba76972fe8f9295,761,5,PHTS03_FM07_SITE02_R09_Decisions,IMPORTED_CSV
ANNEX-0382,OFG_Engineering_Atlas_Rev0_PHTS03_FM07_SITE02/PHTS03_FM07_SITE02_R10_Verification.csv,PHTS03_FM07_SITE02_R10_Verification.csv,csv,43960aa7978b8ecf086896b44bebe06a12209a5bfc34574a3696efeb703788fc,772,6,PHTS03_FM07_SITE02_R10_Verification,IMPORTED_CSV
ANNEX-0383,OFG_Engineering_Atlas_Rev0_PHTS03_FM07_SITE02/PHTS03_R01_Component_Hydraulics.csv,PHTS03_R01_Component_Hydraulics.csv,csv,186283bfc8a69c67eed4de0d1d7cd7729a3e1b15354f6572e4ad60a2170e10e1,1106,8,PHTS03_R01_Component_Hydraulics,IMPORTED_CSV
ANNEX-0384,OFG_Engineering_Atlas_Rev0_PHTS03_FM07_SITE02/PHTS03_R02_Pump_Curve.csv,PHTS03_R02_Pump_Curve.csv,csv,ba393ae4de780146bb71ecf3d6a7da9cb3384accc08bb06548ce7c40f3766940,1587,26,PHTS03_R02_Pump_Curve,IMPORTED_CSV
ANNEX-0385,OFG_Engineering_Atlas_Rev0_PHTS03_FM07_SITE02/PHTS03_R03_NPSH_Margin_Screen.csv,PHTS03_R03_NPSH_Margin_Screen.csv,csv,fb8e8f1a2f7f28006da6b9d6baaaab2832692deaba57d5ac6b1512d427f90664,465,16,PHTS03_R03_NPSH_Margin_Screen,IMPORTED_CSV
ANNEX-0386,OFG_Engineering_Atlas_Rev0_PHTS03_FM07_SITE02/PHTS03_R04_Valve_Closure_Waterhammer.csv,PHTS03_R04_Valve_Closure_Waterhammer.csv,csv,2e1a293e0c61c0cc45c37fd9f2993a68eafbd2b2c72faa1b171c76399b8f2e6a,394,7,PHTS03_R04_Valve_Closure_Waterhammer,IMPORTED_CSV
ANNEX-0387,OFG_Engineering_Atlas_Rev0_PHTS03_FM07_SITE02/PHTS03_R05_Pressurizer_Surge.csv,PHTS03_R05_Pressurizer_Surge.csv,csv,cafb3c6ae4e90809a9a2093d3d90155f57efe7790cf128ed78b32e538d599bc8,183,5,PHTS03_R05_Pressurizer_Surge,IMPORTED_CSV
ANNEX-0388,OFG_Engineering_Atlas_Rev0_PHTS03_FM07_SITE02/SITE02_R01_Borehole_Plan.csv,SITE02_R01_Borehole_Plan.csv,csv,0065bee6de5ffcc83026640a0623cb567cd11fcccdc2f8083b80bc18425a6ab7,2256,25,SITE02_R01_Borehole_Plan,IMPORTED_CSV
ANNEX-0389,OFG_Engineering_Atlas_Rev0_PHTS03_FM07_SITE02/SITE02_R02_CPT_Plan.csv,SITE02_R02_CPT_Plan.csv,csv,236e56fb91b83c9b346066c968b29527843f71bf638e48b32a5a6076202792e6,518,12,SITE02_R02_CPT_Plan,IMPORTED_CSV
ANNEX-0390,OFG_Engineering_Atlas_Rev0_PHTS03_FM07_SITE02/SITE02_R03_Geophysics.csv,SITE02_R03_Geophysics.csv,csv,46ec00a6f3b1fb309fc1b9fbf90dbb1d79c162cb524867c922b58956682127ac,253,6,SITE02_R03_Geophysics,IMPORTED_CSV
ANNEX-0391,OFG_Engineering_Atlas_Rev0_PHTS03_FM07_SITE02/SITE02_R04_Piezometers.csv,SITE02_R04_Piezometers.csv,csv,57198d4cd4c74554ac606e8d907e7168beef80ceb77f01cb5f149acbe30da28a,156,5,SITE02_R04_Piezometers,IMPORTED_CSV
ANNEX-0392,OFG_Engineering_Atlas_Rev0_PHTS03_FM07_SITE02/SITE02_R05_Excavation_Sensitivity.csv,SITE02_R05_Excavation_Sensitivity.csv,csv,bc1873ea535a47d6a149655fc1810b7fc938c812aa494ccbfad4f08e9ade74fb,115,4,SITE02_R05_Excavation_Sensitivity,IMPORTED_CSV
ANNEX-0393,OFG_Engineering_Atlas_Rev0_PHTS03_FM07_SITE02/SITE02_R06_Construction_Holdpoints.csv,SITE02_R06_Construction_Holdpoints.csv,csv,4be2d65f39f2ed392a09b9a3b97c7a86e9629fc8fb74f055ea6dadbbada9142a,1048,7,SITE02_R06_Construction_Holdpoints,IMPORTED_CSV
ANNEX-0394,OFG_Engineering_Atlas_Rev0_PHTS04_FM08_SITE03/FM08_R01_FE_Mesh_Spec.csv,FM08_R01_FE_Mesh_Spec.csv,csv,efb0f76a92eeee46f5d5097d28291cf63b58ccd6403b7b1057b425f12bbd23ec,551,6,FM08_R01_FE_Mesh_Spec,IMPORTED_CSV
ANNEX-0395,OFG_Engineering_Atlas_Rev0_PHTS04_FM08_SITE03/FM08_R02_Reduced_Modes.csv,FM08_R02_Reduced_Modes.csv,csv,580e9733862727c1736e179a3912378b1713e4c7b7df5c9a4bbabdd713bb7742,445,10,FM08_R02_Reduced_Modes,IMPORTED_CSV
ANNEX-0396,OFG_Engineering_Atlas_Rev0_PHTS04_FM08_SITE03/FM08_R03_SSI_Impedance_Screen.csv,FM08_R03_SSI_Impedance_Screen.csv,csv,064ee4ef1357ab52ca7a5c20892eaa1e138156daeac2ab6b7e032fece96fe470,1133,18,FM08_R03_SSI_Impedance_Screen,IMPORTED_CSV
ANNEX-0397,OFG_Engineering_Atlas_Rev0_PHTS04_FM08_SITE03/PHTS04_FM08_SITE03_R08_Research.csv,PHTS04_FM08_SITE03_R08_Research.csv,csv,012ae7ebf5e1f1c034fbdb55f14629b0e0bc73a7b24cff9d641b565104895579,1317,7,PHTS04_FM08_SITE03_R08_Research,IMPORTED_CSV
ANNEX-0398,OFG_Engineering_Atlas_Rev0_PHTS04_FM08_SITE03/PHTS04_FM08_SITE03_R09_Information_Provenance.csv,PHTS04_FM08_SITE03_R09_Information_Provenance.csv,csv,a78bc7f259c066a208ce865e718ea4a9d5eb8c1f8a7960f0576de5411e999f2d,1062,4,PHTS04_FM08_SITE03_R09_Information_Provenance,IMPORTED_CSV
ANNEX-0399,OFG_Engineering_Atlas_Rev0_PHTS04_FM08_SITE03/PHTS04_FM08_SITE03_R10_Backward_Propagation.csv,PHTS04_FM08_SITE03_R10_Backward_Propagation.csv,csv,0afd3d923d26db06fb79466788dbdd1a48c4577e6baf3da818bf8b68f2f9a2fe,1081,5,PHTS04_FM08_SITE03_R10_Backward_Propagation,IMPORTED_CSV
ANNEX-0400,OFG_Engineering_Atlas_Rev0_PHTS04_FM08_SITE03/PHTS04_FM08_SITE03_R11_Decisions.csv,PHTS04_FM08_SITE03_R11_Decisions.csv,csv,ef7b90d83656d5e81275a1c604f6baa3cb65d34a5c6810464973966b714c643e,742,5,PHTS04_FM08_SITE03_R11_Decisions,IMPORTED_CSV
ANNEX-0401,OFG_Engineering_Atlas_Rev0_PHTS04_FM08_SITE03/PHTS04_FM08_SITE03_R12_Verification.csv,PHTS04_FM08_SITE03_R12_Verification.csv,csv,336c88d357f07b8a493124880180698ce551f0e0f3e6dd8cd8866770c0a0e59c,896,7,PHTS04_FM08_SITE03_R12_Verification,IMPORTED_CSV
ANNEX-0402,OFG_Engineering_Atlas_Rev0_PHTS04_FM08_SITE03/PHTS04_R01_80_Segment_Branch_Hydraulics.csv,PHTS04_R01_80_Segment_Branch_Hydraulics.csv,csv,48a2e9f63e118d97442306bfa66835806eef33af033fbc5f0af63306dc19932e,10860,80,PHTS04_R01_80_Segment_Branch_Hydraulics,IMPORTED_CSV
ANNEX-0403,OFG_Engineering_Atlas_Rev0_PHTS04_FM08_SITE03/PHTS04_R02_State_Machine.csv,PHTS04_R02_State_Machine.csv,csv,608aff2f56b914fd4d1879a78c4f59b548e8c04115b2deb6229760a992e12103,983,9,PHTS04_R02_State_Machine,IMPORTED_CSV
ANNEX-0404,OFG_Engineering_Atlas_Rev0_PHTS04_FM08_SITE03/PHTS04_R03_State_Transitions.csv,PHTS04_R03_State_Transitions.csv,csv,d409382ea14220d6aecbc62ddc3ee19f815b273e8303d7f2918091efa39da191,835,10,PHTS04_R03_State_Transitions,IMPORTED_CSV
ANNEX-0405,OFG_Engineering_Atlas_Rev0_PHTS04_FM08_SITE03/PHTS04_R04_Instrumentation.csv,PHTS04_R04_Instrumentation.csv,csv,6c699cb37d5b82fce54caba91d3a793dc8f236decdde20b5165207fe6361672b,679,8,PHTS04_R04_Instrumentation,IMPORTED_CSV
ANNEX-0406,OFG_Engineering_Atlas_Rev0_PHTS04_FM08_SITE03/SITE03_R01_Stratigraphic_Solids.csv,SITE03_R01_Stratigraphic_Solids.csv,csv,f79aa041cb8f673849265fcaf2f5d15e82db9e114d13ca7dea855ec8097f62ee,463,5,SITE03_R01_Stratigraphic_Solids,IMPORTED_CSV
ANNEX-0407,OFG_Engineering_Atlas_Rev0_PHTS04_FM08_SITE03/SITE03_R02_Excavations.csv,SITE03_R02_Excavations.csv,csv,a1dc64d07432c2d3efe43a7086424b325b9714608456354ec6ffa09c12cb4885,334,4,SITE03_R02_Excavations,IMPORTED_CSV
ANNEX-0408,OFG_Engineering_Atlas_Rev0_PHTS04_FM08_SITE03/SITE03_R03_Shoring.csv,SITE03_R03_Shoring.csv,csv,dec8e0e03d2e2b6372fa8e69e62edda1adeaa05b2a0294c055cb10dd36994fb1,260,4,SITE03_R03_Shoring,IMPORTED_CSV
ANNEX-0409,OFG_Engineering_Atlas_Rev0_PHTS04_FM08_SITE03/SITE03_R04_Dewatering.csv,SITE03_R04_Dewatering.csv,csv,a049e6331bef29f9eea85d748e1634f2968125fad22c1af1b22141129b77a80a,208,5,SITE03_R04_Dewatering,IMPORTED_CSV
ANNEX-0410,OFG_Engineering_Atlas_Rev0_PHTS04_FM08_SITE03/SITE03_R05_Underground_Corridors.csv,SITE03_R05_Underground_Corridors.csv,csv,3c658d03c3125469bd44ee865e8c46f4d19c441e1a567ec5edb96e2318aec31d,384,5,SITE03_R05_Underground_Corridors,IMPORTED_CSV
ANNEX-0411,OFG_Engineering_Atlas_Rev0_PHTS04_FM08_SITE03/SITE03_R06_Construction_Field_Zones.csv,SITE03_R06_Construction_Field_Zones.csv,csv,d62833c75fc6ac2495a559551c4ff527e422724416b29ee190c1383fc36aa869,372,5,SITE03_R06_Construction_Field_Zones,IMPORTED_CSV
ANNEX-0412,OFG_Engineering_Atlas_Rev0_PHTS04_FM08_SITE03/SITE03_R07_Plan_Collisions.csv,SITE03_R07_Plan_Collisions.csv,csv,84346f0b48d3a28e50e78ed6dff0ed265676e3e60bc4dd6d921b72dcff127cd6,24,0,SITE03_R07_Plan_Collisions,IMPORTED_CSV
ANNEX-0413,OFG_Engineering_Atlas_Rev0_PHTS05_FM09_SITE04_VER01/FM09_R01_FE_Topology.csv,FM09_R01_FE_Topology.csv,csv,8d60b333d609a1c7252bf3f33974b9436b1e7a847d01fe24d66fb282f844e346,827,7,FM09_R01_FE_Topology,IMPORTED_CSV
ANNEX-0414,OFG_Engineering_Atlas_Rev0_PHTS05_FM09_SITE04_VER01/FM09_R02_Interface_Data.csv,FM09_R02_Interface_Data.csv,csv,7d4fa42d29023a996cf5488b64d6abef1594a6501a3ea64a2ad11e53446e18d5,714,6,FM09_R02_Interface_Data,IMPORTED_CSV
ANNEX-0415,OFG_Engineering_Atlas_Rev0_PHTS05_FM09_SITE04_VER01/PHTS05_R01_Control_Volumes.csv,PHTS05_R01_Control_Volumes.csv,csv,29a5fcee0d7679a43f7d407a0295cd901c042a9a22b7f31924f88627619d0279,6067,132,PHTS05_R01_Control_Volumes,IMPORTED_CSV
ANNEX-0416,OFG_Engineering_Atlas_Rev0_PHTS05_FM09_SITE04_VER01/PHTS05_R02_Junctions.csv,PHTS05_R02_Junctions.csv,csv,c806144cf67ff313dc3dc89c0303bc16c8d920cbdb03b2fad2e725c2272fe77d,11164,208,PHTS05_R02_Junctions,IMPORTED_CSV
ANNEX-0417,OFG_Engineering_Atlas_Rev0_PHTS05_FM09_SITE04_VER01/PHTS05_R03_PIE_Deck_Register.csv,PHTS05_R03_PIE_Deck_Register.csv,csv,99b85b05e691373b9d6a13ef4e758846f89fb3b4b819a55935c8d20e717df446,1110,8,PHTS05_R03_PIE_Deck_Register,IMPORTED_CSV
ANNEX-0418,OFG_Engineering_Atlas_Rev0_PHTS05_FM09_SITE04_VER01/SITE04_R01_4D_Workfaces.csv,SITE04_R01_4D_Workfaces.csv,csv,10954ab1d15c5306f76bae4e495771e74d18380af51279e090f3e9a920d03629,1427,12,SITE04_R01_4D_Workfaces,IMPORTED_CSV
ANNEX-0419,OFG_Engineering_Atlas_Rev0_PHTS05_FM09_SITE04_VER01/SITE04_R02_Spatial_Constraints.csv,SITE04_R02_Spatial_Constraints.csv,csv,edb1aa7dddd8f5d080bddee3ef5b0b251d7eb726cdb38e13475e258ae137d8d6,1031,8,SITE04_R02_Spatial_Constraints,IMPORTED_CSV
ANNEX-0420,OFG_Engineering_Atlas_Rev0_PHTS05_FM09_SITE04_VER01/VER01_R01_Broadened_Research_Register.csv,VER01_R01_Broadened_Research_Register.csv,csv,8aace26c3ba19af34387be3752d8092d71982e4c51611142908fac9aac8642e6,4044,15,VER01_R01_Broadened_Research_Register,IMPORTED_CSV
ANNEX-0421,OFG_Engineering_Atlas_Rev0_PHTS05_FM09_SITE04_VER01/VER01_R02_Atlas_Audit_Findings.csv,VER01_R02_Atlas_Audit_Findings.csv,csv,63d37ab8914a1a82839854454263ef129e98f1dd196b5b20078fcb270ab2c441,4224,16,VER01_R02_Atlas_Audit_Findings,IMPORTED_CSV
ANNEX-0422,OFG_Engineering_Atlas_Rev0_PHTS05_FM09_SITE04_VER01/VER01_R03_Discipline_Coverage.csv,VER01_R03_Discipline_Coverage.csv,csv,53bd3e0e96c945d49446d2affbdb755f5b7f476aa10be0d49d107bc1fe82a3d1,2246,21,VER01_R03_Discipline_Coverage,IMPORTED_CSV
ANNEX-0423,OFG_Engineering_Atlas_Rev0_PHTS05_FM09_SITE04_VER01/VER01_R04_Revision_Backpropagation.csv,VER01_R04_Revision_Backpropagation.csv,csv,9310e46bde9923d24b0c94718088d8e248ba1052ad53929fc33caed6e7cce67f,2373,10,VER01_R04_Revision_Backpropagation,IMPORTED_CSV
ANNEX-0424,OFG_Engineering_Atlas_Rev0_Plantwide_Pass1/ATLAS_MANIFEST.json,ATLAS_MANIFEST.json,json,067b5990772571fbd370413c019c20ee38d9fd16eac70c210e40f140a4d9b196,798,1,ATLAS_MANIFEST_json,IMPORTED_JSON
ANNEX-0425,OFG_Engineering_Atlas_Rev0_Plantwide_Pass1/ATLAS_R01_Asset_Level_Engineering_Closure_22647.csv,ATLAS_R01_Asset_Level_Engineering_Closure_22647.csv,csv,76425b722791f264ce79216a82df3310873e88e2f3c6ad1a7378126077198a79,11400677,22647,ATLAS_R01_Asset_Level_Engineering_Closure_22647,IMPORTED_CSV
ANNEX-0426,OFG_Engineering_Atlas_Rev0_Plantwide_Pass1/ATLAS_R02_Inferred_System_Interface_Graph.csv,ATLAS_R02_Inferred_System_Interface_Graph.csv,csv,77ef747c489464b0d8fcdc1a16470d030951279d91c1f367ae4d91477ea8563d,8229,91,ATLAS_R02_Inferred_System_Interface_Graph,IMPORTED_CSV
ANNEX-0427,OFG_Engineering_Atlas_Rev0_Plantwide_Pass1/ATLAS_R03_System_Discipline_Verification_Matrix.csv,ATLAS_R03_System_Discipline_Verification_Matrix.csv,csv,8322a899ef3df5300eb4c572e37f7bfff8c7aed4b3cc186543674f4c72e0b749,181291,2914,ATLAS_R03_System_Discipline_Verification_Matrix,IMPORTED_CSV
ANNEX-0428,OFG_Engineering_Atlas_Rev0_Plantwide_Pass1/ATLAS_R04_Authoritative_Research_Source_Register.csv,ATLAS_R04_Authoritative_Research_Source_Register.csv,csv,aa0f835cb7b350d91a2a9865904d490ee6ac1c83a7c07ee18655db796ceb754a,2860,17,ATLAS_R04_Authoritative_Research_Source_Register,IMPORTED_CSV
ANNEX-0429,OFG_Engineering_Atlas_Rev0_RAD01_RH01_ELEC01_CONF01_SURVEY01/CONF01_R01_Room_Confinement_Register.csv,CONF01_R01_Room_Confinement_Register.csv,csv,4b23806fec379591af621b3198ce9f48095e7b2ab1a8285764c21cdba4b4d07a,864,6,CONF01_R01_Room_Confinement_Register,IMPORTED_CSV
ANNEX-0430,OFG_Engineering_Atlas_Rev0_RAD01_RH01_ELEC01_CONF01_SURVEY01/ELEC01_R01_Grounding_EMC_Register.csv,ELEC01_R01_Grounding_EMC_Register.csv,csv,9e79e4c619fa2332d170a0ffc0ca744e35c7a8317eeef482a0db9fbfdd47a911,1075,8,ELEC01_R01_Grounding_EMC_Register,IMPORTED_CSV
ANNEX-0431,OFG_Engineering_Atlas_Rev0_RAD01_RH01_ELEC01_CONF01_SURVEY01/FIRE01_R01_Fire_Verification_Register.csv,FIRE01_R01_Fire_Verification_Register.csv,csv,90e645698e668b9db46876652432bc003b52aad2edc99709d211c2a091c98c8d,677,6,FIRE01_R01_Fire_Verification_Register,IMPORTED_CSV
ANNEX-0432,OFG_Engineering_Atlas_Rev0_RAD01_RH01_ELEC01_CONF01_SURVEY01/RAD01_R01_Source_Term_Register.csv,RAD01_R01_Source_Term_Register.csv,csv,f24000a1dd2cd95359ecbb748bd1fdd931ff59a2c6d1b816afb8f43eabf8eed7,867,6,RAD01_R01_Source_Term_Register,IMPORTED_CSV
ANNEX-0433,OFG_Engineering_Atlas_Rev0_RAD01_RH01_ELEC01_CONF01_SURVEY01/RAD01_R02_Radiological_Zones.csv,RAD01_R02_Radiological_Zones.csv,csv,53993c3f31a3675e51d7f62bc3cdced1b103d7c8c24625554af4a3328eb4b89f,535,5,RAD01_R02_Radiological_Zones,IMPORTED_CSV
ANNEX-0434,OFG_Engineering_Atlas_Rev0_RAD01_RH01_ELEC01_CONF01_SURVEY01/RH01_R01_Maintainable_Object_Register.csv,RH01_R01_Maintainable_Object_Register.csv,csv,5dbef300669d12f0b2dc62c7b5352a840e30789c4afe0ea1a497527e265b18e7,690,6,RH01_R01_Maintainable_Object_Register,IMPORTED_CSV
ANNEX-0435,OFG_Engineering_Atlas_Rev0_RAD01_RH01_ELEC01_CONF01_SURVEY01/RH01_R02_Transfer_Route.csv,RH01_R02_Transfer_Route.csv,csv,42831421757d88689c33e2e9ca2b66cd3746f5002aeceaba0a4ce04eead627d9,868,7,RH01_R02_Transfer_Route,IMPORTED_CSV
ANNEX-0436,OFG_Engineering_Atlas_Rev0_RAD01_RH01_ELEC01_CONF01_SURVEY01/RH01_R03_Maintainability_Gates.csv,RH01_R03_Maintainability_Gates.csv,csv,554d9e65d0201132ac392e8a721ef96fbbabc70c91cc9fc47427d060e0c2a4a9,622,5,RH01_R03_Maintainability_Gates,IMPORTED_CSV
ANNEX-0437,OFG_Engineering_Atlas_Rev0_RAD01_RH01_ELEC01_CONF01_SURVEY01/SURVEY01_R01_Coordinate_Truth_Register.csv,SURVEY01_R01_Coordinate_Truth_Register.csv,csv,6c285e91649c38080a0ce7948824a9bda55ee4a847a6c35bbf3dc142ecd45e94,962,8,SURVEY01_R01_Coordinate_Truth_Register,IMPORTED_CSV
ANNEX-0438,OFG_Engineering_Atlas_Rev0_RAD01_RH01_ELEC01_CONF01_SURVEY01/VER02_R01_Backward_Propagation.csv,VER02_R01_Backward_Propagation.csv,csv,567902ab7198d99442e7f3f466cbe41a109e3cf0fb231b87387520cb5659ab33,1098,8,VER02_R01_Backward_Propagation,IMPORTED_CSV
ANNEX-0439,OFG_Engineering_Atlas_Rev0_RAD01_RH01_ELEC01_CONF01_SURVEY01/VER02_R02_Cross_Discipline_Verification_Matrix.csv,VER02_R02_Cross_Discipline_Verification_Matrix.csv,csv,dd5c3ab6683e2d95ef453561411d1f7a6562894eef7e46f74aaff0f7e1151e33,589,6,VER02_R02_Cross_Discipline_Verification_Matrix,IMPORTED_CSV
ANNEX-0440,OFG_Engineering_Atlas_Rev0_TRI01_BLK01_Coupled_Fuel_Blanket/BLK01_R01_TBR_Recovery_Sensitivity.csv,BLK01_R01_TBR_Recovery_Sensitivity.csv,csv,e65d4e8a683315d87e6c9fe178da9d4ccdaca0a966797b091be26a91247024eb,834,15,BLK01_R01_TBR_Recovery_Sensitivity,IMPORTED_CSV
ANNEX-0441,OFG_Engineering_Atlas_Rev0_TRI01_BLK01_Coupled_Fuel_Blanket/BLK01_R02_Module_Coordinates.csv,BLK01_R02_Module_Coordinates.csv,csv,7a0190c81eee5135e690a79cedd0fb8807415a3ff7be8b0cb2e82b5cd53a1c88,29108,384,BLK01_R02_Module_Coordinates,IMPORTED_CSV
ANNEX-0442,OFG_Engineering_Atlas_Rev0_TRI01_BLK01_Coupled_Fuel_Blanket/BLK01_R03_Functional_Breakdown.csv,BLK01_R03_Functional_Breakdown.csv,csv,dee75238dd21b4a90a7b3ce497af2819475c265a5188905893293abada5da2e1,1103,9,BLK01_R03_Functional_Breakdown,IMPORTED_CSV
ANNEX-0443,OFG_Engineering_Atlas_Rev0_TRI01_BLK01_Coupled_Fuel_Blanket/TRI01_BLK01_R04_Decision_Conflict_Register.csv,TRI01_BLK01_R04_Decision_Conflict_Register.csv,csv,762ab5b688c7be3c2af3b622de003d1f67155d1086712cd2b8c64495cd83f144,835,4,TRI01_BLK01_R04_Decision_Conflict_Register,IMPORTED_CSV
ANNEX-0444,OFG_Engineering_Atlas_Rev0_TRI01_BLK01_Coupled_Fuel_Blanket/TRI01_BLK01_R05_Backward_Propagation.csv,TRI01_BLK01_R05_Backward_Propagation.csv,csv,a70e9b96a5f5787aed29f0d096fb3393c485491dc606595519686ed73a60400e,1171,5,TRI01_BLK01_R05_Backward_Propagation,IMPORTED_CSV
ANNEX-0445,OFG_Engineering_Atlas_Rev0_TRI01_BLK01_Coupled_Fuel_Blanket/TRI01_BLK01_R06_Information_Provenance.csv,TRI01_BLK01_R06_Information_Provenance.csv,csv,386b4da8e4fa8e6af293c3d5158e30299595147f4734e30b1b8dc5067ffacba6,1275,5,TRI01_BLK01_R06_Information_Provenance,IMPORTED_CSV
ANNEX-0446,OFG_Engineering_Atlas_Rev0_TRI01_BLK01_Coupled_Fuel_Blanket/TRI01_R01_DT_Burn_Flow_Sensitivity.csv,TRI01_R01_DT_Burn_Flow_Sensitivity.csv,csv,8783d6bac1881e889feb5809c3bf346f740c75507c930cbe43d3776183ad24c4,419,4,TRI01_R01_DT_Burn_Flow_Sensitivity,IMPORTED_CSV
ANNEX-0447,OFG_Engineering_Atlas_Rev0_TRI01_BLK01_Coupled_Fuel_Blanket/TRI01_R02_DIR_Throughput_Sensitivity.csv,TRI01_R02_DIR_Throughput_Sensitivity.csv,csv,1fb477e654e9c49d311429c8ab8ce2087e8914169ec8bbcd3c292063115a6f93,900,12,TRI01_R02_DIR_Throughput_Sensitivity,IMPORTED_CSV
ANNEX-0448,OFG_Engineering_Atlas_Rev0_TRI01_BLK01_Coupled_Fuel_Blanket/TRI01_R03_Functional_Breakdown.csv,TRI01_R03_Functional_Breakdown.csv,csv,1bb73191920fe336d1e07dbe1a98ff30ca0bfd9fe9b54345a51f7a8d309c7044,972,9,TRI01_R03_Functional_Breakdown,IMPORTED_CSV
ANNEX-0449,OFG_Engineering_Atlas_Rev0_VAC01_Vacuum_Network/VAC01_R01_Torus_Cryopump_Coordinates.csv,VAC01_R01_Torus_Cryopump_Coordinates.csv,csv,b95734df1775f376609611c080038ce8a3bb02bfdc489e5283a7c463e0375a7f,579,8,VAC01_R01_Torus_Cryopump_Coordinates,IMPORTED_CSV
ANNEX-0450,OFG_Engineering_Atlas_Rev0_VAC01_Vacuum_Network/VAC01_R02_Cryostat_Cryopump_Coordinates.csv,VAC01_R02_Cryostat_Cryopump_Coordinates.csv,csv,73c3dd9e9446b5e3d3ce1fed1e467279f6f8cbc416b2490ae0ce09020ebe5154,386,4,VAC01_R02_Cryostat_Cryopump_Coordinates,IMPORTED_CSV
ANNEX-0451,OFG_Engineering_Atlas_Rev0_VAC01_Vacuum_Network/VAC01_R03_Duct_Conductance_Sensitivity.csv,VAC01_R03_Duct_Conductance_Sensitivity.csv,csv,6d8db3d62d1fa1385f15be84b88fab834063ddc86b79dfb8e215766bb1b35e06,1318,20,VAC01_R03_Duct_Conductance_Sensitivity,IMPORTED_CSV
ANNEX-0452,OFG_Engineering_Atlas_Rev0_VAC01_Vacuum_Network/VAC01_R04_Gas_Load_Base_Pressure_Screen.csv,VAC01_R04_Gas_Load_Base_Pressure_Screen.csv,csv,ce4e725bdbbe64ce320f74aba8ed39ea00b617223f9ca1939d1bfe8487d96bee,419,4,VAC01_R04_Gas_Load_Base_Pressure_Screen,IMPORTED_CSV
ANNEX-0453,OFG_Engineering_Atlas_Rev0_VAC01_Vacuum_Network/VAC01_R05_Vacuum_Boundary_Ledger.csv,VAC01_R05_Vacuum_Boundary_Ledger.csv,csv,d2278f7c5d407fbdb9380f07d7ae97dbcb75bbb8da1069a9e4a96455273a94e7,815,5,VAC01_R05_Vacuum_Boundary_Ledger,IMPORTED_CSV
ANNEX-0454,OFG_Engineering_Atlas_Rev0_VAC01_Vacuum_Network/VAC01_R06_Verification_Matrix.csv,VAC01_R06_Verification_Matrix.csv,csv,bdcf3d0f484ce5dfc7de71948f80ed76c7535c5b0d79bdbb37e45a7de874553f,1950,12,VAC01_R06_Verification_Matrix,IMPORTED_CSV
ANNEX-0455,OFG_Engineering_Atlas_Rev0_VAC01_Vacuum_Network/VAC01_R07_Information_Provenance.csv,VAC01_R07_Information_Provenance.csv,csv,c406134927437f32f967a13481ab30921bfc9cca6449355174393b6a525972e1,1461,5,VAC01_R07_Information_Provenance,IMPORTED_CSV
ANNEX-0456,OFG_Engineering_Atlas_Rev0_VAC01_Vacuum_Network/VAC01_R08_Backward_Propagation.csv,VAC01_R08_Backward_Propagation.csv,csv,f02fa5689615e31001ef8a2a2ca0d82094eb597a90c5171710f69967ec0c9830,1126,5,VAC01_R08_Backward_Propagation,IMPORTED_CSV
ANNEX-0457,OFG_Engineering_Atlas_Rev0_VAC02_Expanded_Research_Dynamic_Vacuum/VAC02_R01_Expanded_Research_Source_Register.csv,VAC02_R01_Expanded_Research_Source_Register.csv,csv,665713c415b61ccc717298cd1d10e6a3a7f33e2e4a35d60654e32ac313d557fc,6463,21,VAC02_R01_Expanded_Research_Source_Register,IMPORTED_CSV
ANNEX-0458,OFG_Engineering_Atlas_Rev0_VAC02_Expanded_Research_Dynamic_Vacuum/VAC02_R02_Dynamic_Pumpdown.csv,VAC02_R02_Dynamic_Pumpdown.csv,csv,2fdb5180c4d69f6db195de4d3b004245139f3b7452b2a6a1312322e3b5bd3a07,2563,33,VAC02_R02_Dynamic_Pumpdown,IMPORTED_CSV
ANNEX-0459,OFG_Engineering_Atlas_Rev0_VAC02_Expanded_Research_Dynamic_Vacuum/VAC02_R03_Air_Ingress_Sensitivity.csv,VAC02_R03_Air_Ingress_Sensitivity.csv,csv,d223330e8371c64e2c3e09e3beb0d9924226c9944b328fde19e55fadf2c784e8,232,4,VAC02_R03_Air_Ingress_Sensitivity,IMPORTED_CSV
ANNEX-0460,OFG_Engineering_Atlas_Rev0_VAC02_Expanded_Research_Dynamic_Vacuum/VAC02_R04_Water_Ingress_Screen.csv,VAC02_R04_Water_Ingress_Screen.csv,csv,0854766c1bd82163a2a321c26568a2eef10c8e3bc145020d59b8abaaa39b6564,159,4,VAC02_R04_Water_Ingress_Screen,IMPORTED_CSV
ANNEX-0461,OFG_Engineering_Atlas_Rev0_VAC02_Expanded_Research_Dynamic_Vacuum/VAC02_R05_Operating_State_Model.csv,VAC02_R05_Operating_State_Model.csv,csv,57f68230527133e1739118aa2e5c1470650d16e8fb20afd094ea6d282708312f,798,8,VAC02_R05_Operating_State_Model,IMPORTED_CSV
ANNEX-0462,OFG_Engineering_Atlas_Rev0_VAC02_Expanded_Research_Dynamic_Vacuum/VAC02_R06_Verification_Matrix.csv,VAC02_R06_Verification_Matrix.csv,csv,ef6a32f8689a356ac36740ace0685ac8e64e3f5a810fc7bd608ce5e81dfa9407,1799,10,VAC02_R06_Verification_Matrix,IMPORTED_CSV
ANNEX-0463,OFG_Engineering_Atlas_Rev0_VAC02_Expanded_Research_Dynamic_Vacuum/VAC02_R07_Backward_Propagation.csv,VAC02_R07_Backward_Propagation.csv,csv,f4a3bd413531500a41ec45042baf8bd57006d166f17945c73a98b13f98946539,1623,6,VAC02_R07_Backward_Propagation,IMPORTED_CSV
ANNEX-0464,OFG_Engineering_Atlas_Rev0_VAC02_Expanded_Research_Dynamic_Vacuum/VAC02_R08_Canon_Decision_Conflict_Register.csv,VAC02_R08_Canon_Decision_Conflict_Register.csv,csv,8a97f806c7155560d5257d07382aaf86bdf72826e48cfec91562950b1212d43d,1184,4,VAC02_R08_Canon_Decision_Conflict_Register,IMPORTED_CSV
ANNEX-0465,OFG_Engineering_Atlas_Rev0_VAC02_Expanded_Research_Dynamic_Vacuum/VAC02_R09_Information_Provenance.csv,VAC02_R09_Information_Provenance.csv,csv,1946144d01e4ef5b96a5fb8a81163f9ae898871fe4017a0579dcd0a05193cc10,1615,5,VAC02_R09_Information_Provenance,IMPORTED_CSV
ANNEX-0466,OFG_Engineering_Atlas_Rev2_V01_SiteState_F101_ModelDefinition/BHT401_R01_Physical_Configuration_History.csv,BHT401_R01_Physical_Configuration_History.csv,csv,d5a8ebfb68f297b846b9de91458b8cda9da54bed60652a269145ac0318a79837,1960,19,BHT401_R01_Physical_Configuration_History,IMPORTED_CSV
ANNEX-0467,OFG_Engineering_Atlas_Rev2_V01_SiteState_F101_ModelDefinition/BIM01_R01_Model_Object_Data_Contract.csv,BIM01_R01_Model_Object_Data_Contract.csv,csv,5825ae4f97aecae7225ea482fab389f52e6497a05f691d337540bfecd3a7ff68,1569,15,BIM01_R01_Model_Object_Data_Contract,IMPORTED_CSV
ANNEX-0468,OFG_Engineering_Atlas_Rev2_V01_SiteState_F101_ModelDefinition/F101_R01_Area_Hierarchy.csv,F101_R01_Area_Hierarchy.csv,csv,1855fa2a09356c397da960ce1d3f8367ea1cc34cc2a408a5dc45bc4e9a729608,1619,8,F101_R01_Area_Hierarchy,IMPORTED_CSV
ANNEX-0469,OFG_Engineering_Atlas_Rev2_V01_SiteState_F101_ModelDefinition/F101_R02_64_Coordination_Cells.csv,F101_R02_64_Coordination_Cells.csv,csv,3d1425f63cfbf1650d96da0fcc17992e0b71760b52ea292146caa441328c1972,10050,64,F101_R02_64_Coordination_Cells,IMPORTED_CSV
ANNEX-0470,OFG_Engineering_Atlas_Rev2_V01_SiteState_F101_ModelDefinition/F101_R03_Port_Object_Register.csv,F101_R03_Port_Object_Register.csv,csv,c8374ce89731e3a343dac44f60efa97f6de89b0c367ff7f204422ac6bd325880,8245,48,F101_R03_Port_Object_Register,IMPORTED_CSV
ANNEX-0471,OFG_Engineering_Atlas_Rev2_V01_SiteState_F101_ModelDefinition/F101_R04_Machine_Support_Register.csv,F101_R04_Machine_Support_Register.csv,csv,eed059cffa7ce805548d2a22ec6d6046031d99ce854e0df360de113f598ea197,5936,16,F101_R04_Machine_Support_Register,IMPORTED_CSV
ANNEX-0472,OFG_Engineering_Atlas_Rev2_V01_SiteState_F101_ModelDefinition/F101_R05_Story_Date_System_State.csv,F101_R05_Story_Date_System_State.csv,csv,400b486ccefce285d0ea4459dcd79ad3089f4f1797e276f5ffe438b0b2f7b2fd,1280,10,F101_R05_Story_Date_System_State,IMPORTED_CSV
ANNEX-0473,OFG_Engineering_Atlas_Rev2_V01_SiteState_F101_ModelDefinition/STATE01_R01_Zone_State_2031-04-19.csv,STATE01_R01_Zone_State_2031-04-19.csv,csv,8beacd34d476cefd730ec888b65f758035936c852a20f655afe6c75b72647ec3,2012,8,STATE01_R01_Zone_State_2031_04_19,IMPORTED_CSV
ANNEX-0474,OFG_Engineering_Atlas_Rev2_V01_SiteState_F101_ModelDefinition/STATE01_R02_Field_Log_2031-04-19.csv,STATE01_R02_Field_Log_2031-04-19.csv,csv,9a66bc9fa28919d52d0e47a4daf31e5e40e74923ac4b6ab5a4b1e6bb29053a9d,1215,15,STATE01_R02_Field_Log_2031_04_19,IMPORTED_CSV
ANNEX-0475,OFG_Engineering_Atlas_Rev2_V01_SiteState_F101_ModelDefinition/VALID02_R01_Cross_Domain_Validation_Matrix.csv,VALID02_R01_Cross_Domain_Validation_Matrix.csv,csv,527b96e172221027bd2e5ad254227eff22ea82519abd1f7cde0b2ce7828ee829,3711,20,VALID02_R01_Cross_Domain_Validation_Matrix,IMPORTED_CSV
ANNEX-0476,OFG_Engineering_Atlas_Rev2_V01_SiteState_F101_ModelDefinition/VER07_R01_Backward_Propagation.csv,VER07_R01_Backward_Propagation.csv,csv,8ab1dae9b13ec4bb6fdb4adf8887a533a5a67843ae6586df3ad39a01e868234b,1415,6,VER07_R01_Backward_Propagation,IMPORTED_CSV
ANNEX-0477,OFG_Engineering_Atlas_Rev2_V02_F101_Construction_Model_Descent/LOAD01_R01_F101_Load_Case_Register.csv,LOAD01_R01_F101_Load_Case_Register.csv,csv,1f2db7974562f514144872172c9a9e2dab27319126b41c44712d101e2731ac94,1806,12,LOAD01_R01_F101_Load_Case_Register,IMPORTED_CSV
ANNEX-0478,OFG_Engineering_Atlas_Rev2_V02_F101_Construction_Model_Descent/MEP01_R01_F101_System_Interface_Register.csv,MEP01_R01_F101_System_Interface_Register.csv,csv,c98ae56f9f8ab12f9e9187f3b4ce51c025f343472a100e33f96eb76f29a92058,2948,12,MEP01_R01_F101_System_Interface_Register,IMPORTED_CSV
ANNEX-0479,OFG_Engineering_Atlas_Rev2_V02_F101_Construction_Model_Descent/OPEN01_R01_F101_Controlled_Open_Inputs.csv,OPEN01_R01_F101_Controlled_Open_Inputs.csv,csv,3581c78467db64b37d34c0cc046bb12385b41b48512679e6e3f574ebc0dee56b,2070,12,OPEN01_R01_F101_Controlled_Open_Inputs,IMPORTED_CSV
ANNEX-0480,OFG_Engineering_Atlas_Rev2_V02_F101_Construction_Model_Descent/PEN03_R01_F101_Penetration_Family_Register.csv,PEN03_R01_F101_Penetration_Family_Register.csv,csv,5e38d55a4508ac014b079f3f4f9b9cc295d83f3957f6caa771d8522f7ebcde8e,1437,5,PEN03_R01_F101_Penetration_Family_Register,IMPORTED_CSV
ANNEX-0481,OFG_Engineering_Atlas_Rev2_V02_F101_Construction_Model_Descent/ROOM03_R01_F101_Functional_Space_Register.csv,ROOM03_R01_F101_Functional_Space_Register.csv,csv,fe4233e671c1d4528dad0b1f3fe29806ac88cc94d72d473a6f34cd608847137c,1277,6,ROOM03_R01_F101_Functional_Space_Register,IMPORTED_CSV
ANNEX-0482,OFG_Engineering_Atlas_Rev2_V02_F101_Construction_Model_Descent/STRUCT02_R01_F101_Structural_Object_Register.csv,STRUCT02_R01_F101_Structural_Object_Register.csv,csv,7f6adc0997368b822423fea2efe89c1c7a1b72adbff42e23a5488e2de6228fa6,4179,11,STRUCT02_R01_F101_Structural_Object_Register,IMPORTED_CSV
ANNEX-0483,OFG_Engineering_Atlas_Rev2_V02_F101_Construction_Model_Descent/VALID02_R02_F101_Validation_Gates.csv,VALID02_R02_F101_Validation_Gates.csv,csv,a42c75de236f5e834d6c758a7da3e4f9cd4095383f1951bccc06d7ab504de575,2027,8,VALID02_R02_F101_Validation_Gates,IMPORTED_CSV
ANNEX-0484,OFG_Engineering_Atlas_Rev2_V02_F101_Structures_Rooms_Penetrations_MEP/LOAD01_R01_F101_Load_Case_Register.csv,LOAD01_R01_F101_Load_Case_Register.csv,csv,d173f4d06a542f7ad5b458f11be5a47106b217bd4d614165f104b3d9b19a9da6,1962,16,LOAD01_R01_F101_Load_Case_Register_2,IMPORTED_CSV
ANNEX-0485,OFG_Engineering_Atlas_Rev2_V02_F101_Structures_Rooms_Penetrations_MEP/MEP01_R01_Functional_Connectivity_Graph.csv,MEP01_R01_Functional_Connectivity_Graph.csv,csv,c9ae42d166bcec7a1b3636184d39831b1a4781107390ea76e0f416bd3c80f9ac,1504,11,MEP01_R01_Functional_Connectivity_Graph,IMPORTED_CSV
ANNEX-0486,OFG_Engineering_Atlas_Rev2_V02_F101_Structures_Rooms_Penetrations_MEP/PEN03_R01_Penetration_Class_Register.csv,PEN03_R01_Penetration_Class_Register.csv,csv,240593739a14aef0a1ddafe9beaf664c8d350c5f636431d1f68ff8c9c62dc250,1357,8,PEN03_R01_Penetration_Class_Register,IMPORTED_CSV
ANNEX-0487,OFG_Engineering_Atlas_Rev2_V02_F101_Structures_Rooms_Penetrations_MEP/PEN03_R02_Sector_Penetration_Reservations.csv,PEN03_R02_Sector_Penetration_Reservations.csv,csv,eabf08521e8f003e02915dc9c20cc84c2a9b2230cc64fb84c1f3df7e729f041b,26680,128,PEN03_R02_Sector_Penetration_Reservations,IMPORTED_CSV
ANNEX-0488,OFG_Engineering_Atlas_Rev2_V02_F101_Structures_Rooms_Penetrations_MEP/RH02_R01_Remote_Handling_Route_Register.csv,RH02_R01_Remote_Handling_Route_Register.csv,csv,8da15a7a9af95056703f2305fa702b656711cc95187d4512b8e96c8c2951aad3,891,4,RH02_R01_Remote_Handling_Route_Register,IMPORTED_CSV
ANNEX-0489,OFG_Engineering_Atlas_Rev2_V02_F101_Structures_Rooms_Penetrations_MEP/ROOM03_R01_F101_Logical_Room_Volumes.csv,ROOM03_R01_F101_Logical_Room_Volumes.csv,csv,603f92baa8c7bd175bd39af8282493bfe7f2872d1991c4961581c72782b1969f,16158,64,ROOM03_R01_F101_Logical_Room_Volumes,IMPORTED_CSV
ANNEX-0490,OFG_Engineering_Atlas_Rev2_V02_F101_Structures_Rooms_Penetrations_MEP/STATE02_R01_Room_State_Rules.csv,STATE02_R01_Room_State_Rules.csv,csv,5b0718f0eb11fd6558c5126b4b1799ddf99365935f69f20ae1487df70b639397,1065,6,STATE02_R01_Room_State_Rules,IMPORTED_CSV
ANNEX-0491,OFG_Engineering_Atlas_Rev2_V02_F101_Structures_Rooms_Penetrations_MEP/STRUCT02_R01_Structural_Object_Families.csv,STRUCT02_R01_Structural_Object_Families.csv,csv,ad9361911cb779fd408c9b889c699203a536dcedba8905480e3274cca42a8ff8,2152,8,STRUCT02_R01_Structural_Object_Families,IMPORTED_CSV
ANNEX-0492,OFG_Engineering_Atlas_Rev2_V02_F101_Structures_Rooms_Penetrations_MEP/VER08_R01_V02_Verification_Ledger.csv,VER08_R01_V02_Verification_Ledger.csv,csv,30a3acbb4303c00155836531b78a629f8eb7d98eaaf308c471b9e097baa6a762,1045,8,VER08_R01_V02_Verification_Ledger,IMPORTED_CSV
ANNEX-0493,OFG_Engineering_Atlas_Rev2_V03_F101_Machine_Interface_Networks/CRYO03_R01_Cryogenic_Nodes.csv,CRYO03_R01_Cryogenic_Nodes.csv,csv,f3cc24b7fc995f056364fcd127b21edfa6a112724883eb66adcc7e196e26870c,961,10,CRYO03_R01_Cryogenic_Nodes,IMPORTED_CSV
ANNEX-0494,OFG_Engineering_Atlas_Rev2_V03_F101_Machine_Interface_Networks/CRYO03_R02_Cryogenic_Edges.csv,CRYO03_R02_Cryogenic_Edges.csv,csv,ce762df8064437168034ae98e3cf42b5374c4deca45958024a411afc3dff6f50,399,10,CRYO03_R02_Cryogenic_Edges,IMPORTED_CSV
ANNEX-0495,OFG_Engineering_Atlas_Rev2_V03_F101_Machine_Interface_Networks/DRAIN02_R01_Flood_Drain_Nodes.csv,DRAIN02_R01_Flood_Drain_Nodes.csv,csv,2c74165568040b6ca8a060786fc063a14609fdbf62c711bdae140a59b71084e8,586,6,DRAIN02_R01_Flood_Drain_Nodes,IMPORTED_CSV
ANNEX-0496,OFG_Engineering_Atlas_Rev2_V03_F101_Machine_Interface_Networks/DRAIN02_R02_Flood_Drain_Edges.csv,DRAIN02_R02_Flood_Drain_Edges.csv,csv,d46597e27612c3e3000a5fbbc9ce438aff5aa453be80a8797d44e84d07374d38,213,5,DRAIN02_R02_Flood_Drain_Edges,IMPORTED_CSV
ANNEX-0497,OFG_Engineering_Atlas_Rev2_V03_F101_Machine_Interface_Networks/ELEC03_R01_Magnet_Power_Grounding_Nodes.csv,ELEC03_R01_Magnet_Power_Grounding_Nodes.csv,csv,6a9801c426e08efda90dac5f272fc99510dc2b329f21f5b37789b584e43e673d,906,9,ELEC03_R01_Magnet_Power_Grounding_Nodes,IMPORTED_CSV
ANNEX-0498,OFG_Engineering_Atlas_Rev2_V03_F101_Machine_Interface_Networks/ELEC03_R02_Magnet_Power_Grounding_Edges.csv,ELEC03_R02_Magnet_Power_Grounding_Edges.csv,csv,e17e7fa07cc53e26334a379dab1dc5e789eeb7c920dbd024e2d74f2525b0a2cd,405,11,ELEC03_R02_Magnet_Power_Grounding_Edges,IMPORTED_CSV
ANNEX-0499,OFG_Engineering_Atlas_Rev2_V03_F101_Machine_Interface_Networks/HVAC02_R01_Confinement_HVAC_Nodes.csv,HVAC02_R01_Confinement_HVAC_Nodes.csv,csv,f41dee74b8cd4de0265519955b4cf9ee6adadb6d6d5f787da7b03429908ff374,794,7,HVAC02_R01_Confinement_HVAC_Nodes,IMPORTED_CSV
ANNEX-0500,OFG_Engineering_Atlas_Rev2_V03_F101_Machine_Interface_Networks/HVAC02_R02_Confinement_HVAC_Edges.csv,HVAC02_R02_Confinement_HVAC_Edges.csv,csv,098f8fd7c31e50203aa602d832c27a6d7dee7b228a4d00533a6022dbfbfb484d,413,10,HVAC02_R02_Confinement_HVAC_Edges,IMPORTED_CSV
ANNEX-0501,OFG_Engineering_Atlas_Rev2_V03_F101_Machine_Interface_Networks/INFO03_R01_Material_Decision_Provenance.csv,INFO03_R01_Material_Decision_Provenance.csv,csv,cecbdbbe675a54706b29d082b5b5cdafc9c16564feb06793d2e92b6e2ee8bb7e,1989,8,INFO03_R01_Material_Decision_Provenance,IMPORTED_CSV
ANNEX-0502,OFG_Engineering_Atlas_Rev2_V03_F101_Machine_Interface_Networks/MACH03_R01_Sector_Structure_Register.csv,MACH03_R01_Sector_Structure_Register.csv,csv,056ca10c0169848dd8dcd8d117088ea15eecfa3ca179e628b35ba51c764d85c4,4291,16,MACH03_R01_Sector_Structure_Register,IMPORTED_CSV
ANNEX-0503,OFG_Engineering_Atlas_Rev2_V03_F101_Machine_Interface_Networks/MODEL03_summary.json,MODEL03_summary.json,json,78e58fdbff44a40ad80a9396065fd58af588d21cae45222533af2d6f4ab2e662,580,1,MODEL03_summary_json,IMPORTED_JSON
ANNEX-0504,OFG_Engineering_Atlas_Rev2_V03_F101_Machine_Interface_Networks/PORT04_R01_Blanket_80_Object_Register.csv,PORT04_R01_Blanket_80_Object_Register.csv,csv,cafc6d447cec465a063944e730f28b19cce3481a056ac26ba35e54cadffcca9e,14613,80,PORT04_R01_Blanket_80_Object_Register,IMPORTED_CSV
ANNEX-0505,OFG_Engineering_Atlas_Rev2_V03_F101_Machine_Interface_Networks/PORT04_R02_Divertor_48_Object_Register.csv,PORT04_R02_Divertor_48_Object_Register.csv,csv,548a73dbabcb42ea01a251781da278dca4dc20dfcc6ff7068c6b35f35bb1b45e,10090,48,PORT04_R02_Divertor_48_Object_Register,IMPORTED_CSV
ANNEX-0506,OFG_Engineering_Atlas_Rev2_V03_F101_Machine_Interface_Networks/PORT04_R03_Primary_Port_Function_Matrix.csv,PORT04_R03_Primary_Port_Function_Matrix.csv,csv,ae651c29c1a461350ed739a93de1fb79984bc9b17bf465b84df4f3afe00bb1e7,9493,48,PORT04_R03_Primary_Port_Function_Matrix,IMPORTED_CSV
ANNEX-0507,OFG_Engineering_Atlas_Rev2_V03_F101_Machine_Interface_Networks/RH03_R01_Sector_Remote_Handling_Envelopes.csv,RH03_R01_Sector_Remote_Handling_Envelopes.csv,csv,773f2946d9ae62291d4f0fdbf3ef0342ad36ab42bab80e3b9ee4bbbab6c0f80d,9887,32,RH03_R01_Sector_Remote_Handling_Envelopes,IMPORTED_CSV
ANNEX-0508,OFG_Engineering_Atlas_Rev2_V03_F101_Machine_Interface_Networks/SRC03_R01_Source_Application_Register.csv,SRC03_R01_Source_Application_Register.csv,csv,0728db4838a8edffcd99a8bd7bdb53bae70093d6289a6159d589b1c9af0e2266,1260,10,SRC03_R01_Source_Application_Register,IMPORTED_CSV
ANNEX-0509,OFG_Engineering_Atlas_Rev2_V03_F101_Machine_Interface_Networks/STRUCT03_R01_Machine_to_Building_Interface_Data.csv,STRUCT03_R01_Machine_to_Building_Interface_Data.csv,csv,eb029fd3f45d7fa5a85fae36b5eb45559932c6b35298769a57bba94e3df9c7dd,5350,16,STRUCT03_R01_Machine_to_Building_Interface_Data,IMPORTED_CSV
ANNEX-0510,OFG_Engineering_Atlas_Rev2_V03_F101_Machine_Interface_Networks/VAC02_R01_Vacuum_Nodes.csv,VAC02_R01_Vacuum_Nodes.csv,csv,8e0ef7ff26ce901bf4dfba9bbea8d73c22ae6538a7b2002babcc9fed03a69845,1064,10,VAC02_R01_Vacuum_Nodes,IMPORTED_CSV
ANNEX-0511,OFG_Engineering_Atlas_Rev2_V03_F101_Machine_Interface_Networks/VAC02_R02_Vacuum_Edges.csv,VAC02_R02_Vacuum_Edges.csv,csv,d298b9eb2e464bd9b611e0683ebc0fe54feb3df328f76274f02b4fea7cd045f4,580,10,VAC02_R02_Vacuum_Edges,IMPORTED_CSV
ANNEX-0512,OFG_Engineering_Atlas_Rev2_V03_F101_Machine_Interface_Networks/VER09_R01_Executable_Validation_Results.csv,VER09_R01_Executable_Validation_Results.csv,csv,9107e067c27cf9548860f025e3a08e464a24d2af2ee93428a86ed04e432a8979,301,9,VER09_R01_Executable_Validation_Results,IMPORTED_CSV
ANNEX-0513,OFG_Engineering_Atlas_Rev2_V03_F101_Machine_Interface_Networks/VER09_R02_Backward_Propagation.csv,VER09_R02_Backward_Propagation.csv,csv,129fe00689d3768e9a475c28213773f00dfbfda512dbaba5756be912557e7506,1255,6,VER09_R02_Backward_Propagation,IMPORTED_CSV
ANNEX-0514,OFG_Engineering_Atlas_Rev2_V04_F101_Equipment_Boundaries_Structural_Idealization/COMM04_R01_Commissioning_Boundary_Register.csv,COMM04_R01_Commissioning_Boundary_Register.csv,csv,a60c6cddda43b700520a9a6d7c661568d1bf576daf2bfa7e0b27ed0509ec40a7,1088,5,COMM04_R01_Commissioning_Boundary_Register,IMPORTED_CSV
ANNEX-0515,OFG_Engineering_Atlas_Rev2_V04_F101_Equipment_Boundaries_Structural_Idealization/CRYO04_R01_Feeder_Interface_Schedule.csv,CRYO04_R01_Feeder_Interface_Schedule.csv,csv,082916db484bfece41fe9724c08723dcf867d4502c445c6f6122086c9d4f4c28,6582,30,CRYO04_R01_Feeder_Interface_Schedule,IMPORTED_CSV
ANNEX-0516,OFG_Engineering_Atlas_Rev2_V04_F101_Equipment_Boundaries_Structural_Idealization/ELEC04_R01_Protection_Grounding_Cable_Separation.csv,ELEC04_R01_Protection_Grounding_Cable_Separation.csv,csv,b08e08f9f43ce104b792aebf1e09e872dd6e6c2c7be4cc9c8d296094b70865d0,1371,9,ELEC04_R01_Protection_Grounding_Cable_Separation,IMPORTED_CSV
ANNEX-0517,OFG_Engineering_Atlas_Rev2_V04_F101_Equipment_Boundaries_Structural_Idealization/HVAC03_R01_Room_Pressure_Fire_Confinement_Matrix.csv,HVAC03_R01_Room_Pressure_Fire_Confinement_Matrix.csv,csv,6a947b27be05e400a97bab0ed4b63a6f5303cf771abda5c700de9d8830eb7e24,11436,64,HVAC03_R01_Room_Pressure_Fire_Confinement_Matrix,IMPORTED_CSV
ANNEX-0518,OFG_Engineering_Atlas_Rev2_V04_F101_Equipment_Boundaries_Structural_Idealization/MODEL04_summary.json,MODEL04_summary.json,json,b08a0434c95bb63b26c390aaa4b5ceff01ebf0beda01a2e5424b426e66f50655,323,1,MODEL04_summary_json,IMPORTED_JSON
ANNEX-0519,OFG_Engineering_Atlas_Rev2_V04_F101_Equipment_Boundaries_Structural_Idealization/PIPE02_R01_BHT_PHT_Nodes.csv,PIPE02_R01_BHT_PHT_Nodes.csv,csv,bcd30960710c70c3c5d80d9895c2aba6df5d35357be3582b47f44c0bccd1b0ae,7152,68,PIPE02_R01_BHT_PHT_Nodes,IMPORTED_CSV
ANNEX-0520,OFG_Engineering_Atlas_Rev2_V04_F101_Equipment_Boundaries_Structural_Idealization/PIPE02_R02_BHT_PHT_Edges.csv,PIPE02_R02_BHT_PHT_Edges.csv,csv,1522430b8decff0e9cb0ecbdb5fd04fbf77cbafdd3e3678352a62333062581aa,5443,83,PIPE02_R02_BHT_PHT_Edges,IMPORTED_CSV
ANNEX-0521,OFG_Engineering_Atlas_Rev2_V04_F101_Equipment_Boundaries_Structural_Idealization/PIPE02_R03_BHT_Temporary_Component_Decomposition.csv,PIPE02_R03_BHT_Temporary_Component_Decomposition.csv,csv,0dae61feffd8b5ec7fa6268a07b7ae7aa80d4a6dab9bf4b99a8b238c09f4149d,895,4,PIPE02_R03_BHT_Temporary_Component_Decomposition,IMPORTED_CSV
ANNEX-0522,OFG_Engineering_Atlas_Rev2_V04_F101_Equipment_Boundaries_Structural_Idealization/PIPE02_R04_Hydraulic_Transient_Cases.csv,PIPE02_R04_Hydraulic_Transient_Cases.csv,csv,8c3e3f61baccfeb084548783a3e0f36d5d65f055b6e1284f7a8b284d2dc6f4bb,1119,7,PIPE02_R04_Hydraulic_Transient_Cases,IMPORTED_CSV
ANNEX-0523,OFG_Engineering_Atlas_Rev2_V04_F101_Equipment_Boundaries_Structural_Idealization/RH04_R01_Remote_Handling_State_Machine.csv,RH04_R01_Remote_Handling_State_Machine.csv,csv,982db142073ea6e65063520b7cb26c0800072d5caf01fc92570f70a041b9523c,2238,15,RH04_R01_Remote_Handling_State_Machine,IMPORTED_CSV
ANNEX-0524,OFG_Engineering_Atlas_Rev2_V04_F101_Equipment_Boundaries_Structural_Idealization/SRC04_R01_Research_Application_Register.csv,SRC04_R01_Research_Application_Register.csv,csv,620f03032270524db9a76bf3bfa1a63acb085f2d07088626334b71cb7bfeb2f2,1043,9,SRC04_R01_Research_Application_Register,IMPORTED_CSV
ANNEX-0525,OFG_Engineering_Atlas_Rev2_V04_F101_Equipment_Boundaries_Structural_Idealization/STRUCT04_R01_FE_Idealization_Register.csv,STRUCT04_R01_FE_Idealization_Register.csv,csv,8f2a6ce2827b4bbadd1ffdcdadf35dbac8dc558d29b8b60c29f550442f2dc062,1370,9,STRUCT04_R01_FE_Idealization_Register,IMPORTED_CSV
ANNEX-0526,OFG_Engineering_Atlas_Rev2_V04_F101_Equipment_Boundaries_Structural_Idealization/STRUCT04_R02_Load_Combination_Families.csv,STRUCT04_R02_Load_Combination_Families.csv,csv,648de3df0168035fb2d375977487d124fe4973d4f235559c6cba3f18e845a256,1076,10,STRUCT04_R02_Load_Combination_Families,IMPORTED_CSV
ANNEX-0527,OFG_Engineering_Atlas_Rev2_V04_F101_Equipment_Boundaries_Structural_Idealization/VAC03_R01_Valve_Boundary_Device_Schedule.csv,VAC03_R01_Valve_Boundary_Device_Schedule.csv,csv,57b3a17ae047023949fab2a732ce9d674749673d99053dce088f4d6a23000afb,1074,9,VAC03_R01_Valve_Boundary_Device_Schedule,IMPORTED_CSV
ANNEX-0528,OFG_Engineering_Atlas_Rev2_V04_F101_Equipment_Boundaries_Structural_Idealization/VAC03_R02_Commissioning_Test_Boundaries.csv,VAC03_R02_Commissioning_Test_Boundaries.csv,csv,b19c8b98e75f57228b913f44f1867f70fc4087915009705fedf32e39cf923cb2,967,5,VAC03_R02_Commissioning_Test_Boundaries,IMPORTED_CSV
ANNEX-0529,OFG_Engineering_Atlas_Rev2_V04_F101_Equipment_Boundaries_Structural_Idealization/VER10_R01_Executable_and_Engineering_Verification.csv,VER10_R01_Executable_and_Engineering_Verification.csv,csv,899eb1bf2f47d409a3ecdffda3e9d0fe1543f57913834af043bc62666e1ad6f9,757,10,VER10_R01_Executable_and_Engineering_Verificatio,IMPORTED_CSV
ANNEX-0530,OFG_Engineering_Atlas_Rev2_V04_F101_Equipment_Boundaries_Structural_Idealization/VER10_R02_Backward_Propagation.csv,VER10_R02_Backward_Propagation.csv,csv,344c66562e5d75643ffc8b0ba9c403ba397ec8f03c35b9ca6042910e962ac80b,1423,7,VER10_R02_Backward_Propagation,IMPORTED_CSV
ANNEX-0531,OFG_Engineering_Atlas_Rev2_V05_Component_Instances_Digital_Thread/BHT05_R01_Valve_Instrument_Function_Register.csv,BHT05_R01_Valve_Instrument_Function_Register.csv,csv,0ae87fe42937c0c9ce3b92b763f839c262da37bc0bc3cd3e353847e6ca0c5ba8,1265,8,BHT05_R01_Valve_Instrument_Function_Register,IMPORTED_CSV
ANNEX-0532,OFG_Engineering_Atlas_Rev2_V05_Component_Instances_Digital_Thread/BLK05_R01_Blanket_Assembly_Instance_Register.csv,BLK05_R01_Blanket_Assembly_Instance_Register.csv,csv,19ef2334a7b06722f4d3c5059af81e4dd05e506c8633ab0ccf9115b2afc8b25d,23398,80,BLK05_R01_Blanket_Assembly_Instance_Register,IMPORTED_CSV
ANNEX-0533,OFG_Engineering_Atlas_Rev2_V05_Component_Instances_Digital_Thread/CDR05_R01_Canon_Decision_Conflict_Register.csv,CDR05_R01_Canon_Decision_Conflict_Register.csv,csv,a482b2257370c37fb4dcd49377d72f67d570d0c3a6377b77fc90ee952212fd36,1122,5,CDR05_R01_Canon_Decision_Conflict_Register,IMPORTED_CSV
ANNEX-0534,OFG_Engineering_Atlas_Rev2_V05_Component_Instances_Digital_Thread/CMP05_R01_Component_Class_Data_Contracts.csv,CMP05_R01_Component_Class_Data_Contracts.csv,csv,b2f80593be42cdcadf84b1824bded55d61a9bff33de25e02fc14cdc07b219e3b,2416,9,CMP05_R01_Component_Class_Data_Contracts,IMPORTED_CSV
ANNEX-0535,OFG_Engineering_Atlas_Rev2_V05_Component_Instances_Digital_Thread/DIV05_R01_Divertor_Cassette_Instance_Register.csv,DIV05_R01_Divertor_Cassette_Instance_Register.csv,csv,10ae78abcdf4d8e23cfb7d6493b289f7b896926772327426d87cbec9031ed2ed,12677,48,DIV05_R01_Divertor_Cassette_Instance_Register,IMPORTED_CSV
ANNEX-0536,OFG_Engineering_Atlas_Rev2_V05_Component_Instances_Digital_Thread/DT05_R01_BHT401_Digital_Thread.csv,DT05_R01_BHT401_Digital_Thread.csv,csv,fc6e0953ded0392336af6184d73a2e4263ff32baf8cc7df6907cd0940204b1e7,2218,19,DT05_R01_BHT401_Digital_Thread,IMPORTED_CSV
ANNEX-0537,OFG_Engineering_Atlas_Rev2_V05_Component_Instances_Digital_Thread/DT05_R02_Information_Provenance_Field_Definition.csv,DT05_R02_Information_Provenance_Field_Definition.csv,csv,a5bc8d7de14ea0c7bb1266d90f7225109e15fc77f0f8356368a19a2560e136a5,721,13,DT05_R02_Information_Provenance_Field_Definition,IMPORTED_CSV
ANNEX-0538,OFG_Engineering_Atlas_Rev2_V05_Component_Instances_Digital_Thread/EQP05_R01_Equipment_Instance_Register.csv,EQP05_R01_Equipment_Instance_Register.csv,csv,3510e71fd331787dfaabef247e144aaf0b7f5aa7ba83b736fd0317cffa262bf3,2473,23,EQP05_R01_Equipment_Instance_Register,IMPORTED_CSV
ANNEX-0539,OFG_Engineering_Atlas_Rev2_V05_Component_Instances_Digital_Thread/ICE05_R01_Cause_Effect_Requirements.csv,ICE05_R01_Cause_Effect_Requirements.csv,csv,6faae392cd48f923f54b898115b817647b1df70d202fc4ac8986f2a5a29a2a51,1349,7,ICE05_R01_Cause_Effect_Requirements,IMPORTED_CSV
ANNEX-0540,OFG_Engineering_Atlas_Rev2_V05_Component_Instances_Digital_Thread/ITP05_R01_Inspection_Test_NDE_Hold_Point_Register.csv,ITP05_R01_Inspection_Test_NDE_Hold_Point_Register.csv,csv,010d46905d587188407d0f138a233fad5c57079b8d5621f46ad9576a686a5c96,1484,11,ITP05_R01_Inspection_Test_NDE_Hold_Point_Registe,IMPORTED_CSV
ANNEX-0541,OFG_Engineering_Atlas_Rev2_V05_Component_Instances_Digital_Thread/MODEL05_summary.json,MODEL05_summary.json,json,8c8300f59969d77d9b1b657c6a6aabc832296db7a3791edcbaff1117ea3998c4,382,1,MODEL05_summary_json,IMPORTED_JSON
ANNEX-0542,OFG_Engineering_Atlas_Rev2_V05_Component_Instances_Digital_Thread/SPAT05_R01_Coordinate_Control_and_Status.csv,SPAT05_R01_Coordinate_Control_and_Status.csv,csv,f28dd7236da9108e4f7e27cf0b589bae88edd1efb327ce8de8020a4896beb3c2,436,3,SPAT05_R01_Coordinate_Control_and_Status,IMPORTED_CSV
ANNEX-0543,OFG_Engineering_Atlas_Rev2_V05_Component_Instances_Digital_Thread/SRC05_R01_Source_Application_Register.csv,SRC05_R01_Source_Application_Register.csv,csv,5da3ff7a0cf3e30e1f71574b3e0d54f331c4315035404f2a293eb2712605a4df,1136,8,SRC05_R01_Source_Application_Register,IMPORTED_CSV
ANNEX-0544,OFG_Engineering_Atlas_Rev2_V05_Component_Instances_Digital_Thread/SUP05_R01_Support_and_Restraint_Taxonomy.csv,SUP05_R01_Support_and_Restraint_Taxonomy.csv,csv,3c23895db1ad168fb1919e43dc00022cc6e6cbcde1c412c4f3c18dcee2f431d1,1366,8,SUP05_R01_Support_and_Restraint_Taxonomy,IMPORTED_CSV
ANNEX-0545,OFG_Engineering_Atlas_Rev2_V05_Component_Instances_Digital_Thread/VER11_R01_Backward_Propagation_Audit.csv,VER11_R01_Backward_Propagation_Audit.csv,csv,60e8dea146a34bc9ae527923e6c053230bff8df10a95375811ae017d18590ddf,1665,7,VER11_R01_Backward_Propagation_Audit,IMPORTED_CSV
ANNEX-0546,OFG_Engineering_Atlas_Rev2_V05_Component_Instances_Digital_Thread/VER11_R02_Model_Consistency_Tests.csv,VER11_R02_Model_Consistency_Tests.csv,csv,7cd8f33ce78a95b3b3f5a98600a743493f82ecf3417e4c9c59da323f04b6d62c,496,10,VER11_R02_Model_Consistency_Tests,IMPORTED_CSV
ANNEX-0547,OFG_Engineering_Atlas_Rev2_V05_Component_Instances_Digital_Thread/WP05_R01_Physical_Object_Lifecycle_Package_Model.csv,WP05_R01_Physical_Object_Lifecycle_Package_Model.csv,csv,a4b65a59bc5b5edb4bdbf29dbcefed8f54694511e8c08bfd21b286ac81369602,1266,9,WP05_R01_Physical_Object_Lifecycle_Package_Model,IMPORTED_CSV
ANNEX-0548,OFG_Engineering_Atlas_Rev2_V06_F101_Spatial_Construction_Model/BIM06_R01_Geometry_Object_Data_Contract.csv,BIM06_R01_Geometry_Object_Data_Contract.csv,csv,462551c2b8744535ddcde46a0f91c5e7cf907812e2d43003b3d7eba773fbc805,792,14,BIM06_R01_Geometry_Object_Data_Contract,IMPORTED_CSV
ANNEX-0549,OFG_Engineering_Atlas_Rev2_V06_F101_Spatial_Construction_Model/CDR06_R01_Canon_Decision_Conflict_Register.csv,CDR06_R01_Canon_Decision_Conflict_Register.csv,csv,06dc3ca3fd1ef6104268b70f7e9cd3dd22e7a7e4c6e2d4adab89453c128211bc,1054,5,CDR06_R01_Canon_Decision_Conflict_Register,IMPORTED_CSV
ANNEX-0550,OFG_Engineering_Atlas_Rev2_V06_F101_Spatial_Construction_Model/CLR06_R01_Clearance_and_Swept_Volume_Classes.csv,CLR06_R01_Clearance_and_Swept_Volume_Classes.csv,csv,78bb3e8a6473f7d09da327d1fcc142bb62f149ce0afea69ef829b4e68570fa9d,1037,6,CLR06_R01_Clearance_and_Swept_Volume_Classes,IMPORTED_CSV
ANNEX-0551,OFG_Engineering_Atlas_Rev2_V06_F101_Spatial_Construction_Model/CONS06_R01_Installation_Precedence_Graph.csv,CONS06_R01_Installation_Precedence_Graph.csv,csv,6584deffce41527609b1e5ab11460217a9694f48a04b419d5b5dcdd8e1e5224e,1199,10,CONS06_R01_Installation_Precedence_Graph,IMPORTED_CSV
ANNEX-0552,OFG_Engineering_Atlas_Rev2_V06_F101_Spatial_Construction_Model/GATE06_R01_Spatial_Configuration_Release_Gates.csv,GATE06_R01_Spatial_Configuration_Release_Gates.csv,csv,30ac453a243a619d92f71f47454cf3760a9e446a8c5ddbbc83debb16c69a3d95,886,7,GATE06_R01_Spatial_Configuration_Release_Gates,IMPORTED_CSV
ANNEX-0553,OFG_Engineering_Atlas_Rev2_V06_F101_Spatial_Construction_Model/MACH06_R01_Sector_Reference_Frames.csv,MACH06_R01_Sector_Reference_Frames.csv,csv,2b01a2235df1aaef92353b8bfd800077fc8ae446fa5127533d0402d5ad81e0c5,2816,16,MACH06_R01_Sector_Reference_Frames,IMPORTED_CSV
ANNEX-0554,OFG_Engineering_Atlas_Rev2_V06_F101_Spatial_Construction_Model/RH06_R01_Maintenance_Interface_Frames.csv,RH06_R01_Maintenance_Interface_Frames.csv,csv,68c923e16b727960bcaa8bb3cf826e09fa85264e1674ec7ed65ab1d5c21db4a3,4173,32,RH06_R01_Maintenance_Interface_Frames,IMPORTED_CSV
ANNEX-0555,OFG_Engineering_Atlas_Rev2_V06_F101_Spatial_Construction_Model/SPAT06_R01_Controlled_Spatial_Datum.csv,SPAT06_R01_Controlled_Spatial_Datum.csv,csv,699556054b58bce58a31b9ba64a0b56328fcefc7ec5effdac15e97e2006fb05d,562,4,SPAT06_R01_Controlled_Spatial_Datum,IMPORTED_CSV
ANNEX-0556,OFG_Engineering_Atlas_Rev2_V06_F101_Spatial_Construction_Model/SPAT06_R02_F101_Model_Zones.csv,SPAT06_R02_F101_Model_Zones.csv,csv,0e59acb5877db4b09fea33eb45fbcde9b3e93121f63580db8b70e3625accff9e,988,6,SPAT06_R02_F101_Model_Zones,IMPORTED_CSV
ANNEX-0557,OFG_Engineering_Atlas_Rev2_V06_F101_Spatial_Construction_Model/SRC06_R01_Research_Application_Register.csv,SRC06_R01_Research_Application_Register.csv,csv,353e5f7e9a6c2622616c4bff468187b64acfa8d237284b80cdbce6cb0d0d95ec,1590,9,SRC06_R01_Research_Application_Register,IMPORTED_CSV
ANNEX-0558,OFG_Engineering_Atlas_Rev2_V06_F101_Spatial_Construction_Model/TEMP06_R01_Temporary_Works_and_Construction_State_Objects.csv,TEMP06_R01_Temporary_Works_and_Construction_State_Objects.csv,csv,7e7f2ea28bfa7287137ee6f89bb6afea68d4e33737fe8884fcec0e99bf457a48,1185,6,TEMP06_R01_Temporary_Works_and_Construction_Stat,IMPORTED_CSV
ANNEX-0559,OFG_Engineering_Atlas_Rev2_V06_F101_Spatial_Construction_Model/V06_manifest.json,V06_manifest.json,json,98c4c703952a9fccc269c05d816bc5d85b7aa6d041d8bd015575d5d6cf3dbd44,584,1,V06_manifest_json,IMPORTED_JSON
ANNEX-0560,OFG_Engineering_Atlas_Rev2_V06_F101_Spatial_Construction_Model/VER12_R01_Executable_Spatial_Verification_Specification.csv,VER12_R01_Executable_Spatial_Verification_Specification.csv,csv,ef4f65e33db0f0875dac6ace1a94ba218e7e8a282c4b3d27b31d71142735cb03,1843,12,VER12_R01_Executable_Spatial_Verification_Specif,IMPORTED_CSV
ANNEX-0561,OFG_Engineering_Atlas_Rev2_V06_F101_Spatial_Construction_Model/VER12_R02_Backward_Propagation_Audit.csv,VER12_R02_Backward_Propagation_Audit.csv,csv,7f031f9227950fa7f32acad389d12a06a72709977ba04a8484d5705bde956ec4,1384,6,VER12_R02_Backward_Propagation_Audit,IMPORTED_CSV
ANNEX-0562,OFG_Engineering_Atlas_Rev2_V06_F101_Spatial_Construction_Model/VER12_R03_Parametric_Model_Test_Result.json,VER12_R03_Parametric_Model_Test_Result.json,json,c45f49364b8da069527c82c1dc32d4a4e2b76d20924466d6e1bfba54ef023d37,94,1,VER12_R03_Parametric_Model_Test_Result_json,IMPORTED_JSON
ANNEX-0563,OFG_Engineering_Atlas_Rev2_V07_F101_Federated_Civil_Structural_Model/BIM07_R01_Information_Maturity_Model.csv,BIM07_R01_Information_Maturity_Model.csv,csv,498c4b131aa93b5d565e08e5af0d3663267f3153ea9bb4fc292b358cbac72c48,668,5,BIM07_R01_Information_Maturity_Model,IMPORTED_CSV
ANNEX-0564,OFG_Engineering_Atlas_Rev2_V07_F101_Federated_Civil_Structural_Model/CDR07_R01_Canon_Decision_Conflict_Register.csv,CDR07_R01_Canon_Decision_Conflict_Register.csv,csv,481ce227f894e100575d4d3443d08f1ae89fd141fd78114ffebe5176b0759cf4,1016,5,CDR07_R01_Canon_Decision_Conflict_Register,IMPORTED_CSV
ANNEX-0565,OFG_Engineering_Atlas_Rev2_V07_F101_Federated_Civil_Structural_Model/CIV07_R01_F101_Civil_Structural_Object_Hierarchy.csv,CIV07_R01_F101_Civil_Structural_Object_Hierarchy.csv,csv,3e6accaee14d7e09c4704466a1936e09e5766a28408ce7d0e293d0ebf1fd4dcc,1998,12,CIV07_R01_F101_Civil_Structural_Object_Hierarchy,IMPORTED_CSV
ANNEX-0566,OFG_Engineering_Atlas_Rev2_V07_F101_Federated_Civil_Structural_Model/CIV07_R02_Grid_Level_Control_Schema.csv,CIV07_R02_Grid_Level_Control_Schema.csv,csv,4a7876e58a096ddedf9b600daf4313f0a20ba5945651286d4d3bc07fa08dc917,655,6,CIV07_R02_Grid_Level_Control_Schema,IMPORTED_CSV
ANNEX-0567,OFG_Engineering_Atlas_Rev2_V07_F101_Federated_Civil_Structural_Model/CIV07_R03_Concrete_Pour_Construction_State_Machine.csv,CIV07_R03_Concrete_Pour_Construction_State_Machine.csv,csv,f6e4f54f0301a3406daa4931969f51e0abfd3be75df5f2d2e53ca544511eb953,982,9,CIV07_R03_Concrete_Pour_Construction_State_Machi,IMPORTED_CSV
ANNEX-0568,OFG_Engineering_Atlas_Rev2_V07_F101_Federated_Civil_Structural_Model/CONS07_R01_Major_Machine_Erection_State_Machine.csv,CONS07_R01_Major_Machine_Erection_State_Machine.csv,csv,3ff5967734e3eee050267e511ee76612d1616414813097931817c8fd34ae37f3,1079,10,CONS07_R01_Major_Machine_Erection_State_Machine,IMPORTED_CSV
ANNEX-0569,OFG_Engineering_Atlas_Rev2_V07_F101_Federated_Civil_Structural_Model/EMB07_R01_Embed_Anchor_Data_Contract.csv,EMB07_R01_Embed_Anchor_Data_Contract.csv,csv,ab48ae1ab60903147fbf04ee1a2a1b5f557d8144b1d13c78ecfd4334a45922a5,463,10,EMB07_R01_Embed_Anchor_Data_Contract,IMPORTED_CSV
ANNEX-0570,OFG_Engineering_Atlas_Rev2_V07_F101_Federated_Civil_Structural_Model/FED07_R01_Federated_Building_Interface_Register.csv,FED07_R01_Federated_Building_Interface_Register.csv,csv,aa5d520db6d4b23048c33195da57e2361f715c88f332a210c5b5ab350a9ef29b,1125,5,FED07_R01_Federated_Building_Interface_Register,IMPORTED_CSV
ANNEX-0571,OFG_Engineering_Atlas_Rev2_V07_F101_Federated_Civil_Structural_Model/PEN07_R01_Penetration_Instance_Data_Contract.csv,PEN07_R01_Penetration_Instance_Data_Contract.csv,csv,1e902a65a23a55e6c5a951904aa5940322bc13e2724bc8e4442820b34411f5f8,580,14,PEN07_R01_Penetration_Instance_Data_Contract,IMPORTED_CSV
ANNEX-0572,OFG_Engineering_Atlas_Rev2_V07_F101_Federated_Civil_Structural_Model/SPAT07_R01_Datum_and_Envelope_Control.csv,SPAT07_R01_Datum_and_Envelope_Control.csv,csv,c4dbb02e2e6cc987afd32039a00b737e30621867824d37efce2e9b7c86fd4fff,503,4,SPAT07_R01_Datum_and_Envelope_Control,IMPORTED_CSV
ANNEX-0573,OFG_Engineering_Atlas_Rev2_V07_F101_Federated_Civil_Structural_Model/SRC07_R01_Research_Application_Register.csv,SRC07_R01_Research_Application_Register.csv,csv,51b922a56574a20d9edb2321ef360293dc30cc2e4d1f5510c6a34979a4fc3281,1173,7,SRC07_R01_Research_Application_Register,IMPORTED_CSV
ANNEX-0574,OFG_Engineering_Atlas_Rev2_V07_F101_Federated_Civil_Structural_Model/V07_manifest.json,V07_manifest.json,json,45ce687f00226432b02b948aedf370f779ec16caae05d2f17d8366502df87955,367,1,V07_manifest_json,IMPORTED_JSON
ANNEX-0575,OFG_Engineering_Atlas_Rev2_V07_F101_Federated_Civil_Structural_Model/VER13_R01_Civil_Spatial_Verification_Results.csv,VER13_R01_Civil_Spatial_Verification_Results.csv,csv,56a35e51cd2dcb6e4254dde57696f341f971385a307646895026c5d698451c8c,790,10,VER13_R01_Civil_Spatial_Verification_Results,IMPORTED_CSV
ANNEX-0576,OFG_Engineering_Atlas_Rev2_V07_F101_Federated_Civil_Structural_Model/VER13_R02_Backward_Propagation_Audit.csv,VER13_R02_Backward_Propagation_Audit.csv,csv,6d18c6a81902bcee9cb0772537f99da5600d614877cabf2e1a1f8465e955f7f1,1315,6,VER13_R02_Backward_Propagation_Audit,IMPORTED_CSV
ANNEX-0577,OFG_Engineering_Atlas_Rev2_V07_F101_Federated_Civil_Structural_Model/VER13_R03_Validator_Result.json,VER13_R03_Validator_Result.json,json,5384c9415837582d4c29a02df9f7a5379780b295d3f51ee5d1a5d6e01925f2e2,132,1,VER13_R03_Validator_Result_json,IMPORTED_JSON
ANNEX-0578,OFG_Engineering_Atlas_Rev2_V08_Federated_Routed_Plant/CDR08_R01_Canon_Decision_Conflict_Register.csv,CDR08_R01_Canon_Decision_Conflict_Register.csv,csv,7e4aefb974637a1b04dccd5572d11f8c4dbf19b25293662a2be806d77790a47a,1218,6,CDR08_R01_Canon_Decision_Conflict_Register,IMPORTED_CSV
ANNEX-0579,OFG_Engineering_Atlas_Rev2_V08_Federated_Routed_Plant/CONS08_R01_Routed_System_4D_State_Machine.csv,CONS08_R01_Routed_System_4D_State_Machine.csv,csv,761f0c50e88919017ed20785e066261aef65f074f0a11fd571cc900c417dd118,762,9,CONS08_R01_Routed_System_4D_State_Machine,IMPORTED_CSV
ANNEX-0580,OFG_Engineering_Atlas_Rev2_V08_Federated_Routed_Plant/CTRL08_R01_Epistemic_Status_Rules.csv,CTRL08_R01_Epistemic_Status_Rules.csv,csv,82003b6317621a5cc956ea4c8bb3c5839caad8ff169b173836eaed66b165e70d,390,4,CTRL08_R01_Epistemic_Status_Rules,IMPORTED_CSV
ANNEX-0581,OFG_Engineering_Atlas_Rev2_V08_Federated_Routed_Plant/ELEC08_R01_Cable_Tray_Routing_Constraints.csv,ELEC08_R01_Cable_Tray_Routing_Constraints.csv,csv,2fcabbc8f53502013b7989d2b3865cfe174ff011cdbb6726e3139a8096e7a932,805,6,ELEC08_R01_Cable_Tray_Routing_Constraints,IMPORTED_CSV
ANNEX-0582,OFG_Engineering_Atlas_Rev2_V08_Federated_Routed_Plant/GRAPH08_R01_Known_Logical_Route_Edges.csv,GRAPH08_R01_Known_Logical_Route_Edges.csv,csv,4dba871d66a50b16da287878ce9817538667bf0ed79fe5fa81a448c54946f9ac,11392,165,GRAPH08_R01_Known_Logical_Route_Edges,IMPORTED_CSV
ANNEX-0583,OFG_Engineering_Atlas_Rev2_V08_Federated_Routed_Plant/HVAC08_R01_HVAC_Spatial_Coordination_Constraints.csv,HVAC08_R01_HVAC_Spatial_Coordination_Constraints.csv,csv,282d5f78b3477fa1a80c6ef06cc24022d2700f686b5ec6c969a4716eaad9f1e9,749,6,HVAC08_R01_HVAC_Spatial_Coordination_Constraints,IMPORTED_CSV
ANNEX-0584,OFG_Engineering_Atlas_Rev2_V08_Federated_Routed_Plant/NODE08_R01_Equipment_Nozzle_and_Route_Node_Register.csv,NODE08_R01_Equipment_Nozzle_and_Route_Node_Register.csv,csv,642ca08b554473e081c9287a3b815072c3f5d300de5943aef144aae0800cffe1,7785,69,NODE08_R01_Equipment_Nozzle_and_Route_Node_Regis,IMPORTED_CSV
ANNEX-0585,OFG_Engineering_Atlas_Rev2_V08_Federated_Routed_Plant/PEN08_R01_Penetration_Reservation_Schedule.csv,PEN08_R01_Penetration_Reservation_Schedule.csv,csv,6c6eb5ed38d5ccc388472f87e543cf94ad3eaad0cd7f4889a686b28a3adf333c,1410,8,PEN08_R01_Penetration_Reservation_Schedule,IMPORTED_CSV
ANNEX-0586,OFG_Engineering_Atlas_Rev2_V08_Federated_Routed_Plant/PIPE08_R01_Piping_Stress_Model_Closure_Register.csv,PIPE08_R01_Piping_Stress_Model_Closure_Register.csv,csv,3a24add18d5e7db91f3d004c7156b41ebf1df3e7dc87dc8c57433b6fe6f6f2c8,908,8,PIPE08_R01_Piping_Stress_Model_Closure_Register,IMPORTED_CSV
ANNEX-0587,OFG_Engineering_Atlas_Rev2_V08_Federated_Routed_Plant/ROUTE08_R01_Routed_Object_Data_Contract.csv,ROUTE08_R01_Routed_Object_Data_Contract.csv,csv,f8976428ebe1396b93faffcdad5cfeb47fb5fd9a9a320d8f1100866b94229fd7,1001,19,ROUTE08_R01_Routed_Object_Data_Contract,IMPORTED_CSV
ANNEX-0588,OFG_Engineering_Atlas_Rev2_V08_Federated_Routed_Plant/ROUTE08_R02_Routing_Priority_and_Reserved_Volume_Hierarchy.csv,ROUTE08_R02_Routing_Priority_and_Reserved_Volume_Hierarchy.csv,csv,2d543673f94f3f7de5d5abae655d61e712055853e0b8f2cbf1e8b7404ac95126,1029,8,ROUTE08_R02_Routing_Priority_and_Reserved_Volume,IMPORTED_CSV
ANNEX-0589,OFG_Engineering_Atlas_Rev2_V08_Federated_Routed_Plant/ROUTE08_R03_Verified_Routing_Design_Rules.csv,ROUTE08_R03_Verified_Routing_Design_Rules.csv,csv,c2f63f3c3fcbb72d69344cfba9292a5f8d9487bbf5cd1d4b86d43d3ceab5d9e7,1907,12,ROUTE08_R03_Verified_Routing_Design_Rules,IMPORTED_CSV
ANNEX-0590,OFG_Engineering_Atlas_Rev2_V08_Federated_Routed_Plant/SRC08_R01_Research_Application_Register.csv,SRC08_R01_Research_Application_Register.csv,csv,2bf014bf251ba06414c050e9983ecf5304fc5a7769e43fa8a3fb02692bd63323,1182,6,SRC08_R01_Research_Application_Register,IMPORTED_CSV
ANNEX-0591,OFG_Engineering_Atlas_Rev2_V08_Federated_Routed_Plant/SYS08_R01_Federated_Route_Family_Register.csv,SYS08_R01_Federated_Route_Family_Register.csv,csv,1d3c8e7f5d786a3e0c303ea81f097b8b2f6bb27a3f794023e1dfe53d9fcf327d,1978,10,SYS08_R01_Federated_Route_Family_Register,IMPORTED_CSV
ANNEX-0592,OFG_Engineering_Atlas_Rev2_V08_Federated_Routed_Plant/V08_manifest.json,V08_manifest.json,json,78ff002dec53eb9c49f556c807f8420f1fd5f36b3e06182d4e30c342be394e9a,373,1,V08_manifest_json,IMPORTED_JSON
ANNEX-0593,OFG_Engineering_Atlas_Rev2_V08_Federated_Routed_Plant/VER14_R01_Routed_Plant_Verification_Results.csv,VER14_R01_Routed_Plant_Verification_Results.csv,csv,641d8e24d52a089e74e5c927fb47b03bdca6b91ce47b4b508a1f4ba175e65db7,898,12,VER14_R01_Routed_Plant_Verification_Results,IMPORTED_CSV
ANNEX-0594,OFG_Engineering_Atlas_Rev2_V08_Federated_Routed_Plant/VER14_R02_Backward_Propagation_Audit.csv,VER14_R02_Backward_Propagation_Audit.csv,csv,10bad032c01839ecb910cd7fc924705e477d50adb854bf4889da1be620756525,1609,7,VER14_R02_Backward_Propagation_Audit,IMPORTED_CSV
ANNEX-0595,OFG_Engineering_Atlas_Rev2_V08_Federated_Routed_Plant/VER14_R03_Validator_Result.json,VER14_R03_Validator_Result.json,json,470a2088e85a6f478b4d812fa25334c8b0ab6e11111c69e5f6f2386ed74ad851,140,1,VER14_R03_Validator_Result_json,IMPORTED_JSON
ANNEX-0596,OFG_Engineering_Atlas_Rev2_V09_Equipment_Fabrication_Topology/BHT09_R01_BHT401_Physical_Configuration_Objects.csv,BHT09_R01_BHT401_Physical_Configuration_Objects.csv,csv,f7f2639ca352470919a9857d0bbc33aec5ccc6e78ae4991ba699ca27c6f411a2,718,5,BHT09_R01_BHT401_Physical_Configuration_Objects,IMPORTED_CSV
ANNEX-0597,OFG_Engineering_Atlas_Rev2_V09_Equipment_Fabrication_Topology/CDR09_R01_Canon_Decision_Conflict_Register.csv,CDR09_R01_Canon_Decision_Conflict_Register.csv,csv,e09bb498dbae33f1be8358256fb97176b52fa8ca17784836b42221246acfaa03,993,5,CDR09_R01_Canon_Decision_Conflict_Register,IMPORTED_CSV
ANNEX-0598,OFG_Engineering_Atlas_Rev2_V09_Equipment_Fabrication_Topology/EQ09_R01_Equipment_Instance_Data_Contract.csv,EQ09_R01_Equipment_Instance_Data_Contract.csv,csv,d79dcba4cead3365571a829b687638c014e156f7b807f39cc6dc14672fe4a4ad,808,16,EQ09_R01_Equipment_Instance_Data_Contract,IMPORTED_CSV
ANNEX-0599,OFG_Engineering_Atlas_Rev2_V09_Equipment_Fabrication_Topology/EQ09_R02_Equipment_Class_Spatial_Requirements.csv,EQ09_R02_Equipment_Class_Spatial_Requirements.csv,csv,a41e8318b6a70b0643750f6786ce31e001daaa5ed558fbe56b5638ec1250379d,894,5,EQ09_R02_Equipment_Class_Spatial_Requirements,IMPORTED_CSV
ANNEX-0600,OFG_Engineering_Atlas_Rev2_V09_Equipment_Fabrication_Topology/FAB09_R01_Piping_Fabrication_Topology.csv,FAB09_R01_Piping_Fabrication_Topology.csv,csv,806087073d7dce82f561e1ccc7ac4801df94289ad179ae372b59d23a8e5aba49,1246,9,FAB09_R01_Piping_Fabrication_Topology,IMPORTED_CSV
ANNEX-0601,OFG_Engineering_Atlas_Rev2_V09_Equipment_Fabrication_Topology/FAB09_R02_Spool_Segmentation_Constructability_Rules.csv,FAB09_R02_Spool_Segmentation_Constructability_Rules.csv,csv,a8374d73e82b0e53f9deeebc907be01a79ee1641113ed336bf412effc56b4563,918,8,FAB09_R02_Spool_Segmentation_Constructability_Ru,IMPORTED_CSV
ANNEX-0602,OFG_Engineering_Atlas_Rev2_V09_Equipment_Fabrication_Topology/FLEX09_R01_Bellows_Flexible_Interface_Closure.csv,FLEX09_R01_Bellows_Flexible_Interface_Closure.csv,csv,a582f07e82da3eb4fba63a3aa98c5a5092b7e96eee5b516b0151363465a7fac2,753,8,FLEX09_R01_Bellows_Flexible_Interface_Closure,IMPORTED_CSV
ANNEX-0603,OFG_Engineering_Atlas_Rev2_V09_Equipment_Fabrication_Topology/NOZ09_R01_Nozzle_Interface_Data_Contract.csv,NOZ09_R01_Nozzle_Interface_Data_Contract.csv,csv,c98cc75cd0c558317343af12847855946596abf61b4b24f0cfeff67de1790a09,593,13,NOZ09_R01_Nozzle_Interface_Data_Contract,IMPORTED_CSV
ANNEX-0604,OFG_Engineering_Atlas_Rev2_V09_Equipment_Fabrication_Topology/SRC09_R01_Research_Application_Register.csv,SRC09_R01_Research_Application_Register.csv,csv,0fd9eb250247fc2144ea46672a00ef1fe266828365f8475c108a2aeccc978900,1150,6,SRC09_R01_Research_Application_Register,IMPORTED_CSV
ANNEX-0605,OFG_Engineering_Atlas_Rev2_V09_Equipment_Fabrication_Topology/SUP09_R01_Pipe_Support_Restraint_Mechanics.csv,SUP09_R01_Pipe_Support_Restraint_Mechanics.csv,csv,229ffc6cb40dd99262edd0299d9d754e6e1e737b5f46d2bb288a7cc05c2f9aae,1142,9,SUP09_R01_Pipe_Support_Restraint_Mechanics,IMPORTED_CSV
ANNEX-0606,OFG_Engineering_Atlas_Rev2_V09_Equipment_Fabrication_Topology/V09_manifest.json,V09_manifest.json,json,5b377922389ada537889409ecb78e2d7922c2740cf02fd33880d4592fa94fadd,381,1,V09_manifest_json,IMPORTED_JSON
ANNEX-0607,OFG_Engineering_Atlas_Rev2_V09_Equipment_Fabrication_Topology/VER15_R01_Fabrication_Equipment_Verification_Results.csv,VER15_R01_Fabrication_Equipment_Verification_Results.csv,csv,8e9730ef8e43cf5348755ab2849dc48230e7e3bea95542e0c292ece1afa06575,889,12,VER15_R01_Fabrication_Equipment_Verification_Res,IMPORTED_CSV
ANNEX-0608,OFG_Engineering_Atlas_Rev2_V09_Equipment_Fabrication_Topology/VER15_R02_Backward_Propagation_Audit.csv,VER15_R02_Backward_Propagation_Audit.csv,csv,4b9917cb75ed28b33fbe5743b7a8430324036680523f8ad50d96a619ab88d789,1404,6,VER15_R02_Backward_Propagation_Audit,IMPORTED_CSV
ANNEX-0609,OFG_Engineering_Atlas_Rev2_V09_Equipment_Fabrication_Topology/VER15_R03_Validator_Result.json,VER15_R03_Validator_Result.json,json,edd1e53bc32dac7e461a2e9b89d5325bcd7cae15d509e72cc05ca9f396eee339,147,1,VER15_R03_Validator_Result_json,IMPORTED_JSON
ANNEX-0610,OFG_Engineering_Atlas_Rev2_V09_Equipment_Fabrication_Topology/VLV09_R01_Valve_Station_Assembly_Classes.csv,VLV09_R01_Valve_Station_Assembly_Classes.csv,csv,3c10e4a7192c3b1fb24d6f8743174483e17e887283a938a1f9bcefe01fd895bc,973,5,VLV09_R01_Valve_Station_Assembly_Classes,IMPORTED_CSV
ANNEX-0611,OFG_Engineering_Atlas_Rev2_V09_Equipment_Fabrication_Topology/WELD09_R01_Joint_Weld_Record_Contract.csv,WELD09_R01_Joint_Weld_Record_Contract.csv,csv,1ce676ee7908c8612362aaf35314679302c9a4c1e5221c2797488573658b6026,580,14,WELD09_R01_Joint_Weld_Record_Contract,IMPORTED_CSV
ANNEX-0612,OFG_Engineering_Encyclopedia_Rev2/OFG_Rev2_Building_Coordinate_Register.csv,OFG_Rev2_Building_Coordinate_Register.csv,csv,e15fe57eba71357b413a6e55083c8df79ce7bbbc4858b606aa3e6ffd1165394b,1224,21,OFG_Rev2_Building_Coordinate_Register,IMPORTED_CSV
ANNEX-0613,OFG_Engineering_Encyclopedia_Rev2/OFG_Rev2_Design_Basis.json,OFG_Rev2_Design_Basis.json,json,aa2067bf86c4e7a3df09bd9997f51da5f84131f9c95dab87b39fdc557a94f12f,686,1,OFG_Rev2_Design_Basis_json,IMPORTED_JSON
ANNEX-0614,OFG_Engineering_Encyclopedia_Rev2/OFG_Rev2_System_Register.csv,OFG_Rev2_System_Register.csv,csv,768a27ee86e41cc9ff2bbf0e12e19032c3dcf0859257e17e5fd5d651e773d2a7,2910,33,OFG_Rev2_System_Register,IMPORTED_CSV
ANNEX-0615,OFG_REV3_SOURCE/OFG_Encyclopedia_RevN_Annex_A_Controlled_Asset_Register.csv,OFG_Encyclopedia_RevN_Annex_A_Controlled_Asset_Register.csv,csv,50fe00f65fab4316642c9835be6513117bfb11cda5e9d53fac02d16597ec2d3a,10762718,22647,OFG_Encyclopedia_RevN_Annex_A_Controlled_As_2,IMPORTED_CSV
ANNEX-0616,OFG_REV3_SOURCE/OFG_Encyclopedia_RevN_Annex_B_Master_Event_Timeline_Through_2031-04-19.csv,OFG_Encyclopedia_RevN_Annex_B_Master_Event_Timeline_Through_2031-04-19.csv,csv,ca328fd6a7e1acf0c99d801d39a48ac20cbe3b3c2e4f9650f3257c23c1260375,26539936,128986,OFG_Encyclopedia_RevN_Annex_B_Master_Event__2,IMPORTED_CSV
ANNEX-0617,OFG_Rev3_Tranche_B_Physical_Coordination/OFG_B01_Facility_Placement_Register.csv,OFG_B01_Facility_Placement_Register.csv,csv,5ce3e41066c64816bcd6194c68ef8ad25ca9741c0c866f9aced6387d871545b4,3035,31,OFG_B01_Facility_Placement_Register,IMPORTED_CSV
ANNEX-0618,OFG_Rev3_Tranche_B_Physical_Coordination/OFG_B02_F101_Level_Register.csv,OFG_B02_F101_Level_Register.csv,csv,205a79f6c30e1a2d5be83f3bde86560ba453c1d3a23107f4c622921d5252cfba,544,8,OFG_B02_F101_Level_Register,IMPORTED_CSV
ANNEX-0619,OFG_Rev3_Tranche_B_Physical_Coordination/OFG_B02_Machine_Envelope_Register.csv,OFG_B02_Machine_Envelope_Register.csv,csv,37e09bc06f350b09858bc03c2263d3dd178dd23605972c198f43946969d718d8,403,5,OFG_B02_Machine_Envelope_Register,IMPORTED_CSV
ANNEX-0620,OFG_Rev3_Tranche_B_Physical_Coordination/OFG_B02_Protected_3D_Zones.csv,OFG_B02_Protected_3D_Zones.csv,csv,464b84a550bc3d5c27d4893e39eba162eea6ddb9d64c111d6a2369d1205c1fd1,1443,14,OFG_B02_Protected_3D_Zones,IMPORTED_CSV
ANNEX-0621,OFG_Rev3_Tranche_B_Physical_Coordination/OFG_Rev3_Physical_Coordination_Model_Freeze0.json,OFG_Rev3_Physical_Coordination_Model_Freeze0.json,json,c6f2d35323e1c9fc3a76b75712e1885346280cbbfb7b39d95d79bb0715218639,14087,1,OFG_Rev3_Physical_Coordination_Model_Freeze0_jso,IMPORTED_JSON
ANNEX-0622,OFG_Rev3_Tranche_C/OFG_B05_BHT_Equipment_Coordinates.csv,OFG_B05_BHT_Equipment_Coordinates.csv,csv,c2db3a5fbdf7032f748581d99bb82156a9fac5846f9a0fd29352c26a64b7e3a9,3444,34,OFG_B05_BHT_Equipment_Coordinates,IMPORTED_CSV
ANNEX-0623,OFG_Rev3_Tranche_C/OFG_B05_BHT_Line_Centrelines.csv,OFG_B05_BHT_Line_Centrelines.csv,csv,823079b64c6fa41661fc60cb0f9b155719c36893cf0fa449b2f8390a009dbfff,2343,20,OFG_B05_BHT_Line_Centrelines,IMPORTED_CSV
ANNEX-0624,OFG_Rev3_Tranche_C/OFG_B05_BHT_Penetrations.csv,OFG_B05_BHT_Penetrations.csv,csv,d96f1be083399dc468cf9a9d8d36666497b90b20d058cb72233df1fbdadb5f84,1434,16,OFG_B05_BHT_Penetrations,IMPORTED_CSV
ANNEX-0625,OFG_Rev3_Tranche_C/OFG_B05_BHT_Port_Register.csv,OFG_B05_BHT_Port_Register.csv,csv,8e5b7dc919d79b85c903a2917f684847715c4bc5d27905a7240cbd530878f202,1891,16,OFG_B05_BHT_Port_Register,IMPORTED_CSV
ANNEX-0626,OFG_Rev3_Tranche_C/OFG_B05_BHT_Support_Nodes.csv,OFG_B05_BHT_Support_Nodes.csv,csv,a11032766099ec8498c82fdb9ddf14eb0a5d0fd29b295c1e4414c685b9c953a5,4038,32,OFG_B05_BHT_Support_Nodes,IMPORTED_CSV
ANNEX-0627,OFG_Rev3_Tranche_C/OFG_B07_Change_Provenance.csv,OFG_B07_Change_Provenance.csv,csv,b493d834b3d36e51c4e1e27605123d91de2e6610464b75c9bacb8068c6497762,1673,6,OFG_B07_Change_Provenance,IMPORTED_CSV
ANNEX-0628,OFG_Rev3_Tranche_C/OFG_BHT_Physical_Graph_FreezeC0.json,OFG_BHT_Physical_Graph_FreezeC0.json,json,668fdc97c896416353d931aed5fd5b0871f2e77c3904bb642f17bdec258738dd,32136,1,OFG_BHT_Physical_Graph_FreezeC0_json,IMPORTED_JSON
ANNEX-0629,OFG_Rev3_Tranche_C_BHT_Physical_Configuration/OFG_B05_BHT_Equipment_Coordinates.csv,OFG_B05_BHT_Equipment_Coordinates.csv,csv,c2db3a5fbdf7032f748581d99bb82156a9fac5846f9a0fd29352c26a64b7e3a9,3444,34,OFG_B05_BHT_Equipment_Coordinates_2,IMPORTED_CSV
ANNEX-0630,OFG_Rev3_Tranche_C_BHT_Physical_Configuration/OFG_B05_BHT_Line_Centrelines.csv,OFG_B05_BHT_Line_Centrelines.csv,csv,823079b64c6fa41661fc60cb0f9b155719c36893cf0fa449b2f8390a009dbfff,2343,20,OFG_B05_BHT_Line_Centrelines_2,IMPORTED_CSV
ANNEX-0631,OFG_Rev3_Tranche_C_BHT_Physical_Configuration/OFG_B05_BHT_Penetrations.csv,OFG_B05_BHT_Penetrations.csv,csv,d96f1be083399dc468cf9a9d8d36666497b90b20d058cb72233df1fbdadb5f84,1434,16,OFG_B05_BHT_Penetrations_2,IMPORTED_CSV
ANNEX-0632,OFG_Rev3_Tranche_C_BHT_Physical_Configuration/OFG_B05_BHT_Port_Register.csv,OFG_B05_BHT_Port_Register.csv,csv,8e5b7dc919d79b85c903a2917f684847715c4bc5d27905a7240cbd530878f202,1891,16,OFG_B05_BHT_Port_Register_2,IMPORTED_CSV
ANNEX-0633,OFG_Rev3_Tranche_C_BHT_Physical_Configuration/OFG_B05_BHT_Support_Nodes.csv,OFG_B05_BHT_Support_Nodes.csv,csv,a11032766099ec8498c82fdb9ddf14eb0a5d0fd29b295c1e4414c685b9c953a5,4038,32,OFG_B05_BHT_Support_Nodes_2,IMPORTED_CSV
ANNEX-0634,OFG_Rev3_Tranche_C_BHT_Physical_Configuration/OFG_B07_Change_Provenance.csv,OFG_B07_Change_Provenance.csv,csv,b493d834b3d36e51c4e1e27605123d91de2e6610464b75c9bacb8068c6497762,1673,6,OFG_B07_Change_Provenance_2,IMPORTED_CSV
ANNEX-0635,OFG_Rev3_Tranche_C_BHT_Physical_Configuration/OFG_BHT_Physical_Graph_FreezeC0.json,OFG_BHT_Physical_Graph_FreezeC0.json,json,668fdc97c896416353d931aed5fd5b0871f2e77c3904bb642f17bdec258738dd,32136,1,OFG_BHT_Physical_Graph_FreezeC0_json_2,IMPORTED_JSON
ANNEX-0636,OFG_Rev3_Tranche_D/D01_Hydraulic_Diameter_Sensitivity.csv,D01_Hydraulic_Diameter_Sensitivity.csv,csv,7feab540a97ab09b005ed9584d6b34e0e21028108c395d724d9eff33d3bcde43,783,5,D01_Hydraulic_Diameter_Sensitivity,IMPORTED_CSV
ANNEX-0637,OFG_Rev3_Tranche_D/D02_Coarse_Protected_Zone_Clashes.csv,D02_Coarse_Protected_Zone_Clashes.csv,csv,1c9fa9d852d134ed5b54e9e60ed01de8c7ab37e8a76dced0ab08c0128601be3a,229,6,D02_Coarse_Protected_Zone_Clashes,IMPORTED_CSV
ANNEX-0638,OFG_Rev3_Tranche_D/D03_Train_Spacing_Verification.csv,D03_Train_Spacing_Verification.csv,csv,5b3efee6f5be77cbffa8f583c1f0f604344b4dff005fc1725c1b82ba9b693ade,108,3,D03_Train_Spacing_Verification,IMPORTED_CSV
ANNEX-0639,OFG_Rev3_Tranche_D/D04_Validation_Matrix.csv,D04_Validation_Matrix.csv,csv,86181d4c5e9eac04234f7056d308e105723c3f2bc2494b54fb5e2bb296ee52ac,1246,8,D04_Validation_Matrix,IMPORTED_CSV
ANNEX-0640,OFG_Rev3_Tranche_D/D05_Pipe_Pair_Clearance_Failures.csv,D05_Pipe_Pair_Clearance_Failures.csv,csv,108d3426383042eb07fd8048a92358c8a06e122743847a118076447344173e33,777,16,D05_Pipe_Pair_Clearance_Failures,IMPORTED_CSV
ANNEX-0641,OFG_Rev3_Tranche_D_Computational_Verification/D01_Hydraulic_Diameter_Sensitivity.csv,D01_Hydraulic_Diameter_Sensitivity.csv,csv,7feab540a97ab09b005ed9584d6b34e0e21028108c395d724d9eff33d3bcde43,783,5,D01_Hydraulic_Diameter_Sensitivity_2,IMPORTED_CSV
ANNEX-0642,OFG_Rev3_Tranche_D_Computational_Verification/D02_Coarse_Protected_Zone_Clashes.csv,D02_Coarse_Protected_Zone_Clashes.csv,csv,1c9fa9d852d134ed5b54e9e60ed01de8c7ab37e8a76dced0ab08c0128601be3a,229,6,D02_Coarse_Protected_Zone_Clashes_2,IMPORTED_CSV
ANNEX-0643,OFG_Rev3_Tranche_D_Computational_Verification/D03_Train_Spacing_Verification.csv,D03_Train_Spacing_Verification.csv,csv,5b3efee6f5be77cbffa8f583c1f0f604344b4dff005fc1725c1b82ba9b693ade,108,3,D03_Train_Spacing_Verification_2,IMPORTED_CSV
ANNEX-0644,OFG_Rev3_Tranche_D_Computational_Verification/D04_Validation_Matrix.csv,D04_Validation_Matrix.csv,csv,86181d4c5e9eac04234f7056d308e105723c3f2bc2494b54fb5e2bb296ee52ac,1246,8,D04_Validation_Matrix_2,IMPORTED_CSV
ANNEX-0645,OFG_Rev3_Tranche_D_Computational_Verification/D05_Pipe_Pair_Clearance_Failures.csv,D05_Pipe_Pair_Clearance_Failures.csv,csv,108d3426383042eb07fd8048a92358c8a06e122743847a118076447344173e33,777,16,D05_Pipe_Pair_Clearance_Failures_2,IMPORTED_CSV
ANNEX-0646,OFG_Rev3_Tranche_E/E01_Network_Hydraulic_Summary.csv,E01_Network_Hydraulic_Summary.csv,csv,6d629bbefc2b57518fcae27a3e2993c236624b191c6ad5f879a5d77b0bcffe59,357,4,E01_Network_Hydraulic_Summary,IMPORTED_CSV
ANNEX-0647,OFG_Rev3_Tranche_E/E02_Module_Branch_Sensitivity.csv,E02_Module_Branch_Sensitivity.csv,csv,ae83cf682d43ef45b329b9d4778c304d9cd4a6c629abf71c463c6341dd47fb85,534,6,E02_Module_Branch_Sensitivity,IMPORTED_CSV
ANNEX-0648,OFG_Rev3_Tranche_E/E03_Trunk_Sensitivity.csv,E03_Trunk_Sensitivity.csv,csv,b5324857f3f85d03769aa74f2ba1bc81f1e7fea559ef5698ccd2310d86d774a8,460,5,E03_Trunk_Sensitivity,IMPORTED_CSV
ANNEX-0649,OFG_Rev3_Tranche_E/E04_Thermal_Expansion.csv,E04_Thermal_Expansion.csv,csv,5f5e41d165e12d493d4e9fcaf17c2bffe11d506027a686c3ac9587b2de26df76,97,5,E04_Thermal_Expansion,IMPORTED_CSV
ANNEX-0650,OFG_Rev3_Tranche_E/E05_Pressure_Thrust.csv,E05_Pressure_Thrust.csv,csv,91ef0fb419f9597e03252b5a4d0f82615eea4d06085b192db83f23541cd5f682,254,5,E05_Pressure_Thrust,IMPORTED_CSV
ANNEX-0651,OFG_Rev3_Tranche_E/E06_Water_Hammer_Sensitivity.csv,E06_Water_Hammer_Sensitivity.csv,csv,7aad97481af1cbe77445ca926948916e5fefe19decf21288750a7eac29f189cd,219,12,E06_Water_Hammer_Sensitivity,IMPORTED_CSV
ANNEX-0652,OFG_Rev3_Tranche_E/E07_Insulation_Heat_Loss.csv,E07_Insulation_Heat_Loss.csv,csv,477b7e006c96479b4fa4cefcce9485bbf3b91207bce8ba252394f1df3abf5e09,262,8,E07_Insulation_Heat_Loss,IMPORTED_CSV
ANNEX-0653,OFG_Rev3_Tranche_E/E08_Fundamental_Discipline_Matrix.csv,E08_Fundamental_Discipline_Matrix.csv,csv,939ec3052d067fe2fd32466a1bd97f5761e965bec4d24254c9a13d6d91281854,3390,18,E08_Fundamental_Discipline_Matrix,IMPORTED_CSV
ANNEX-0654,OFG_Rev3_Tranche_E/E09_Validation_Matrix.csv,E09_Validation_Matrix.csv,csv,e70210ff99334b2938006ff9845d1a18ac403b2df4e7964c98fc6827445af1c9,1766,14,E09_Validation_Matrix,IMPORTED_CSV
ANNEX-0655,OFG_Rev3_Tranche_E/E10_BHT_80_Blanket_Network.json,E10_BHT_80_Blanket_Network.json,json,455b5622ed1839e45ad744b582d0d25e53bcf016ac52c73cec3256658e95cae2,34943,1,E10_BHT_80_Blanket_Network_json,IMPORTED_JSON
ANNEX-0656,OFG_Rev3_Tranche_E/E11_Backward_Propagation_Changes.csv,E11_Backward_Propagation_Changes.csv,csv,bb7d95ba1d2c67696ebfd99bcdc72c6675cce9ba0ae049c3f37d216c8b3dab7d,1252,5,E11_Backward_Propagation_Changes,IMPORTED_CSV
ANNEX-0657,OFG_Rev3_Tranche_E_Fundamental_Engineering/E01_Network_Hydraulic_Summary.csv,E01_Network_Hydraulic_Summary.csv,csv,6d629bbefc2b57518fcae27a3e2993c236624b191c6ad5f879a5d77b0bcffe59,357,4,E01_Network_Hydraulic_Summary_2,IMPORTED_CSV
ANNEX-0658,OFG_Rev3_Tranche_E_Fundamental_Engineering/E02_Module_Branch_Sensitivity.csv,E02_Module_Branch_Sensitivity.csv,csv,ae83cf682d43ef45b329b9d4778c304d9cd4a6c629abf71c463c6341dd47fb85,534,6,E02_Module_Branch_Sensitivity_2,IMPORTED_CSV
ANNEX-0659,OFG_Rev3_Tranche_E_Fundamental_Engineering/E03_Trunk_Sensitivity.csv,E03_Trunk_Sensitivity.csv,csv,b5324857f3f85d03769aa74f2ba1bc81f1e7fea559ef5698ccd2310d86d774a8,460,5,E03_Trunk_Sensitivity_2,IMPORTED_CSV
ANNEX-0660,OFG_Rev3_Tranche_E_Fundamental_Engineering/E04_Thermal_Expansion.csv,E04_Thermal_Expansion.csv,csv,5f5e41d165e12d493d4e9fcaf17c2bffe11d506027a686c3ac9587b2de26df76,97,5,E04_Thermal_Expansion_2,IMPORTED_CSV
ANNEX-0661,OFG_Rev3_Tranche_E_Fundamental_Engineering/E05_Pressure_Thrust.csv,E05_Pressure_Thrust.csv,csv,91ef0fb419f9597e03252b5a4d0f82615eea4d06085b192db83f23541cd5f682,254,5,E05_Pressure_Thrust_2,IMPORTED_CSV
ANNEX-0662,OFG_Rev3_Tranche_E_Fundamental_Engineering/E06_Water_Hammer_Sensitivity.csv,E06_Water_Hammer_Sensitivity.csv,csv,7aad97481af1cbe77445ca926948916e5fefe19decf21288750a7eac29f189cd,219,12,E06_Water_Hammer_Sensitivity_2,IMPORTED_CSV
ANNEX-0663,OFG_Rev3_Tranche_E_Fundamental_Engineering/E07_Insulation_Heat_Loss.csv,E07_Insulation_Heat_Loss.csv,csv,477b7e006c96479b4fa4cefcce9485bbf3b91207bce8ba252394f1df3abf5e09,262,8,E07_Insulation_Heat_Loss_2,IMPORTED_CSV
ANNEX-0664,OFG_Rev3_Tranche_E_Fundamental_Engineering/E08_Fundamental_Discipline_Matrix.csv,E08_Fundamental_Discipline_Matrix.csv,csv,939ec3052d067fe2fd32466a1bd97f5761e965bec4d24254c9a13d6d91281854,3390,18,E08_Fundamental_Discipline_Matrix_2,IMPORTED_CSV
ANNEX-0665,OFG_Rev3_Tranche_E_Fundamental_Engineering/E09_Validation_Matrix.csv,E09_Validation_Matrix.csv,csv,e70210ff99334b2938006ff9845d1a18ac403b2df4e7964c98fc6827445af1c9,1766,14,E09_Validation_Matrix_2,IMPORTED_CSV
ANNEX-0666,OFG_Rev3_Tranche_E_Fundamental_Engineering/E10_BHT_80_Blanket_Network.json,E10_BHT_80_Blanket_Network.json,json,455b5622ed1839e45ad744b582d0d25e53bcf016ac52c73cec3256658e95cae2,34943,1,E10_BHT_80_Blanket_Network_json_2,IMPORTED_JSON
ANNEX-0667,OFG_Rev3_Tranche_E_Fundamental_Engineering/E11_Backward_Propagation_Changes.csv,E11_Backward_Propagation_Changes.csv,csv,bb7d95ba1d2c67696ebfd99bcdc72c6675cce9ba0ae049c3f37d216c8b3dab7d,1252,5,E11_Backward_Propagation_Changes_2,IMPORTED_CSV
ANNEX-0668,OFG_SITE_VISUALIZATION_STAGE1/OFG_Site_Canonical_Camera_and_Geometry_Control.json,OFG_Site_Canonical_Camera_and_Geometry_Control.json,json,5af0397c0ae1dc348eb01508e757b984fc5ef8ca096ed789ffce23aa84ce0e4e,1390,1,OFG_Site_Canonical_Camera_and_Geometry_Control_j,IMPORTED_JSON
ANNEX-0669,OFG_SITE_VISUAL_REFERENCE_REV1/OFG_Canonical_Camera_Manifest.json,OFG_Canonical_Camera_Manifest.json,json,88b3f7081f206bc575d3a01a814054566dabf82c73a32f08979c7c770ba82fee,1370,1,OFG_Canonical_Camera_Manifest_json,IMPORTED_JSON
ANNEX-0670,OFG_SITE_VISUAL_REFERENCE_REV1/OFG_Site_Massing_Buildings.csv,OFG_Site_Massing_Buildings.csv,csv,c93735805e8e0da17a2aee772eca17f9fd43ef026738ea751e39af55e8237915,1059,16,OFG_Site_Massing_Buildings,IMPORTED_CSV
ANNEX-0671,OFG_SITE_VISUAL_REFERENCE_REV1/OFG_Site_Point_Objects.csv,OFG_Site_Point_Objects.csv,csv,eac68b9760ec9fddfc19a493dda93ac7a5e37b6466a9c19d8c844835fdf6a04b,94,1,OFG_Site_Point_Objects,IMPORTED_CSV
ANNEX-0672,OFG_System_Encyclopedia_Rev3_Tranche_A/OFG_Rev3_Engineering_Master_Asset_Register_Tranche_A.csv,OFG_Rev3_Engineering_Master_Asset_Register_Tranche_A.csv,csv,082c71e2bef225a7c4d465e1b634966760a3447aa50b5b25d08acfa8d3ab7275,13291462,22647,OFG_Rev3_Engineering_Master_Asset_Register_Tranc,IMPORTED_CSV
ANNEX-0673,OFG_System_Encyclopedia_Rev3_Tranche_A/OFG_Rev3_System_Population_Control.csv,OFG_Rev3_System_Population_Control.csv,csv,48ebe6d701f385ed319f35d77f63e9aa2447f94b3177d4073d97e9e709fe99b3,2115,94,OFG_Rev3_System_Population_Control,IMPORTED_CSV
